Account_Number,CustomerID,BranchID,LoanID,Account_Open_Date,Account_Type,Account_Balance
10438,54130,H65,UC9DAU5R,2009-07-10,Credit,2984
39940,71256,A55,NPIIEV4O,2013-09-04,Credit,3165
34723,74346,H65,W6NYNMW2,2008-06-07,Credit,9640
36166,73547,H65,95BPNJ99,2014-03-21,Credit,8408
38792,52411,A66,3XWS7ISR,2018-07-21,Credit,5050
19803,82688,B11,XTAB753Q,2011-11-10,Debit,5686
30190,53722,B11,0DUJP35U,2013-05-23,Debit,15595
23984,71071,E99,TZOKLTX5,2012-04-25,Debit,10327
24718,53816,A55,03R4TSDV,2010-08-14,Credit,21116
32464,69453,A66,JT5ER6FQ,2013-09-26,Credit,3849
13837,88431,H65,EE7BQV7Y,2000-08-26,Debit,24700
21215,82402,E99,DR32WOA6,2018-09-21,Debit,7772
25862,59651,A66,TQVD752A,2015-11-06,Credit,2322
11392,86596,A66,DMXOC0WS,2021-01-03,Debit,19440
28293,52619,A55,GFNIJWJY,2019-12-03,Credit,11767
16838,78137,A55,L2041K4T,2019-11-14,Debit,4909
39968,84121,E99,VUSJAY0K,2001-09-04,Debit,9968
35779,54843,A66,ZGKG5V8J,2012-02-14,Debit,12346
31896,66497,H65,44CHTY4R,2002-04-12,Debit,6264
27088,67898,H65,N8N4V6EN,2008-03-16,Credit,23752
16327,88934,H65,6QE1PLKD,2020-07-20,Credit,8968
28438,63725,A66,VARVESV2,2019-10-05,Credit,2942
10361,52046,B11,Z8O9S9J6,2001-09-22,Debit,14406
31851,60463,B11,90WF3OK8,2003-11-23,Debit,12251
18863,51626,E99,CW2N087F,2013-07-28,Credit,12618
37683,85580,A66,TOVC42OI,2013-01-27,Debit,36826
35640,82486,B11,CFXF0HQ3,2022-05-08,Credit,6673
37824,70742,A66,D57WDV0U,2000-04-03,Credit,6683
19028,75469,A55,AS5E72HL,2018-09-01,Debit,11579
11457,66177,E99,3JDN5JA7,2011-07-08,Debit,32022
14031,60181,B11,J35RXFUW,2020-06-11,Debit,27818
20700,63801,A55,FDG166LG,2014-07-04,Debit,3780
39573,72403,B11,XOF0JHEL,2007-07-27,Debit,6813
18899,54487,H65,9ON2Y2LD,2013-12-15,Credit,30295
18802,78024,E99,UVRCE02D,2007-07-24,Debit,4039
35642,85753,H65,LJXDXBB0,2022-01-07,Debit,8942
21752,79017,H65,S4M1W7F9,2011-07-17,Credit,8558
33819,53402,A66,TNKF89ZK,2000-05-24,Debit,6848
17784,84092,A55,1HZJYX31,2017-10-12,Credit,2972
15254,65012,H65,EXYZE8IK,2004-02-13,Debit,5555
18609,86280,A66,4VWDUGKE,2006-08-25,Debit,7892
18965,85804,H65,2T1J3Z0Z,2000-08-22,Credit,3791
39114,76362,E99,8NGD7OEX,2008-08-13,Debit,5743
20731,53831,H65,JT4FPF2A,2018-12-20,Debit,7768
30287,71334,H65,9IWFG0PW,2013-09-17,Debit,19119
11357,57221,B11,RKAVFLWR,2005-07-07,Debit,17202
23897,56308,B11,O89WXEA2,2015-01-14,Credit,5506
21965,76728,B11,L19QLBO3,2019-08-05,Credit,4880
36918,59181,H65,9S78ANYY,2017-05-20,Credit,9249
18950,81297,B11,OO2KXLV2,2018-12-13,Debit,16633
38160,62496,H65,TS48E54N,2021-03-08,Debit,11248
16218,80597,B11,6HMQ52W6,2014-05-11,Credit,8130
21117,80417,A55,AZ1ROL9P,2006-08-03,Credit,8476
27769,66346,H65,88QZO32O,2007-03-11,Credit,8109
27772,59304,A55,5PLQM6SQ,2020-08-15,Credit,1175
34629,51236,B11,GW9HOEK0,2022-04-20,Credit,12350
28717,62455,B11,3RL3N51E,2004-05-08,Credit,1512
17143,87263,E99,8DTUFX0C,2004-07-20,Credit,5784
23059,82361,B11,9D8NUXM5,2003-04-24,Debit,18702
20603,62042,B11,9ASDU29M,2011-12-07,Debit,2991
38081,75522,H65,IH6AFT54,2000-09-22,Credit,8655
32794,75979,E99,AYCJKTS6,2014-06-17,Debit,5316
29043,77053,B11,SPS7P0XZ,2003-09-25,Debit,16175
29154,60963,E99,P7DV6EKN,2013-02-24,Debit,11172
22992,72008,A55,R8VVEXRF,2017-12-24,Debit,4569
34015,55094,A55,N6Z33IHR,2003-04-16,Credit,6641
37855,81418,H65,H3A696MB,2007-02-06,Debit,3936
21811,67401,A66,PCZIENET,2021-09-27,Credit,8379
10404,73775,E99,6I9IVNN8,2005-05-18,Debit,50491
30930,88145,A55,3U0ZBA6Y,2013-02-28,Credit,12856
34649,63407,B11,7ZOUJN99,2021-04-20,Credit,4076
35581,67945,H65,B102SJQI,2018-11-17,Credit,11684
10658,73768,H65,4B4T6370,2011-12-23,Credit,11175
20645,76813,A55,028W5FRB,2002-12-25,Debit,12243
14309,67216,A55,7GHYUBU3,2019-04-15,Credit,6090
39138,63936,E99,MMFVSAYZ,2013-08-20,Credit,15917
22505,56803,A66,L153I554,2007-04-11,Credit,21349
10963,62605,B11,MJQYZNQ6,2012-08-25,Credit,5888
34107,71453,B11,H2FL41XD,2019-12-05,Credit,6703
36358,52720,H65,T3HPMM1E,2012-04-08,Credit,15494
24945,84977,A66,H5YU2QCE,2016-10-05,Credit,12479
39102,84350,B11,6ZZ3HPCF,2012-03-07,Credit,6955
22607,53255,B11,F1UGGHKS,2002-04-20,Debit,17614
23718,82992,B11,CGYRKG0D,2007-08-08,Credit,21173
13132,59695,A66,BKXDICW4,2012-07-11,Credit,5116
31486,84379,A55,MP0VFUXK,2004-06-25,Credit,21306
18137,56814,E99,PVQZ3333,2012-11-12,Credit,4214
32566,62997,H65,YZ79GSQU,2019-02-08,Debit,6917
29330,86569,H65,FS11IILY,2009-07-05,Debit,29634
15249,69907,E99,070TK6FP,2004-09-05,Credit,3842
24092,69398,H65,UNP14IPP,2011-03-07,Debit,11750
16118,88513,A66,30Q677IW,2022-10-09,Debit,15351
12863,88496,B11,7HU8XXKE,2005-06-24,Credit,2985
28086,58753,E99,2RAL348Y,2005-01-22,Debit,10139
12025,86019,B11,9S5KEH6D,2012-03-11,Credit,7803
35243,66323,B11,W4TDF0VS,2013-12-24,Debit,4459
12426,67602,E99,W0DUN3J9,2018-07-26,Credit,5439
36638,78057,A55,S89BUECD,2008-05-20,Credit,9878
33156,80838,B11,WZA6SSSG,2011-05-26,Credit,10338
35449,59468,B11,OA8LS410,2004-12-16,Debit,2896
32846,52856,H65,ITMC00PH,2006-12-16,Credit,10991
37107,75113,E99,YM7KTQEW,2020-02-16,Credit,4926
34675,74293,A55,5CWEIAQS,2010-05-15,Debit,5875
10347,58323,A66,FZIY9FG3,2005-02-02,Debit,21796
23972,66941,A66,20U52RDB,2016-01-16,Credit,33688
21040,84794,E99,JX36UHFO,2004-05-04,Credit,10554
16485,64892,B11,NJ3IPR8I,2016-11-22,Credit,9638
25154,77492,E99,R2S73J4F,2013-06-16,Credit,20610
18443,89117,H65,LP0S39AG,2011-10-05,Credit,5239
38358,72871,E99,FFR8W10I,2001-02-28,Debit,7131
30174,83495,B11,1HJXB22W,2020-11-09,Debit,14737
28259,53534,H65,KDY5UP1D,2015-10-22,Credit,8436
18374,65416,E99,LJBKJXFA,2000-07-07,Debit,6194
34494,69309,H65,HMHG9ZEW,2020-08-03,Debit,20185
13683,57812,A55,FPGKXSJM,2016-10-11,Debit,5844
23420,68466,B11,5GVYSSFT,2013-03-21,Debit,19238
22379,81639,E99,CQNZFE1O,2018-09-05,Credit,6515
17198,88285,B11,5X4W5O4G,2022-06-23,Credit,9968
31797,80311,A55,QH53K8MI,2022-08-25,Credit,17395
34603,80709,A66,OMQRFTHP,2015-07-05,Debit,14548
22831,52354,B11,6QG0V3EX,2015-03-17,Debit,2869
22811,69623,A66,IINJTYZT,2016-05-12,Debit,15130
14761,58990,H65,85HH64UQ,2012-11-09,Credit,24941
12386,80071,A55,G7Y410BV,2001-04-12,Debit,10990
29917,55912,H65,AIC9LQ52,2020-03-04,Credit,3531
32512,73103,H65,UCO21L89,2003-09-11,Debit,2679
37490,77744,A66,6D5FRGY0,2021-05-28,Debit,5606
24923,61496,A55,IL0R6DVQ,2015-09-26,Credit,4536
24104,80049,E99,BGQT3RGM,2000-08-25,Debit,7533
37106,86095,H65,CICGA17J,2002-04-21,Credit,18158
17399,50222,B11,31WWC87Z,2012-12-23,Credit,48133
36284,82787,H65,VRKJL3ZT,2004-06-27,Debit,16117
23589,76424,A55,18U83QD0,2008-03-25,Debit,13439
17715,82924,A55,0ZS4VMWC,2011-10-18,Credit,6354
33810,60056,B11,8X7RGAIZ,2001-10-06,Debit,4010
35341,63931,H65,QXP9JYON,2013-12-11,Credit,9218
32059,76090,B11,ZWDHRNK4,2021-07-07,Credit,5762
38365,63561,E99,JJLNSGV2,2022-10-20,Debit,24242
34246,68939,H65,IVGIK8CP,2007-09-13,Credit,8500
10464,57143,E99,OUHFERTV,2004-05-07,Debit,7447
19000,82071,H65,WV2AX078,2018-11-15,Debit,20578
27248,50505,E99,UQHM3L7X,2021-02-27,Credit,4929
35360,83050,A66,FXOLYMRJ,2020-03-20,Debit,4055
24337,75212,H65,CZSKB96P,2003-11-18,Debit,11697
14676,52265,E99,4SG5GM1R,2021-06-17,Debit,7271
38193,73427,H65,KOLFQSJ6,2000-03-23,Debit,6519
32061,63336,A66,RXOWAUYT,2009-11-16,Credit,7806
18770,67057,A55,GBUFAMYE,2010-08-09,Credit,11819
22243,51496,A66,I0BER343,2011-02-21,Debit,1780
32976,68867,B11,F5SLWIEC,2013-10-25,Debit,8374
33287,82598,A66,YRJOGKLI,2015-04-14,Debit,32703
11897,59134,H65,R2T8XKOV,2019-09-09,Credit,8497
23577,76290,A55,01SJIASI,2013-08-28,Debit,4771
35928,73888,B11,XNU1UCYV,2015-03-17,Credit,11210
33906,50506,H65,PI3ZBEGQ,2004-06-01,Debit,4519
29213,89710,A66,OQ52T8L9,2003-12-26,Debit,4716
15703,72963,B11,O7M26H0X,2006-08-25,Credit,5131
18985,52677,E99,3URIPMA0,2020-11-12,Debit,5439
27540,71689,H65,CDEJ9UUZ,2000-10-27,Credit,34840
15476,64422,H65,G18K084Z,2017-11-26,Debit,11456
28041,79098,E99,PDMQR0MQ,2021-03-15,Credit,3562
10980,83082,B11,YU4KDX5R,2016-03-18,Debit,1922
32229,82086,B11,4ONDNLXP,2005-06-17,Credit,2055
37095,75109,E99,X6W7NIBA,2020-07-19,Credit,9604
33886,70249,A66,QX1LKSMF,2017-11-17,Credit,29900
37748,61391,H65,Y90C5T62,2002-08-12,Credit,11425
15618,58212,A66,NIO2Y768,2003-11-11,Debit,11798
28586,63734,E99,D67LK0E0,2002-06-14,Credit,11380
22721,60994,E99,5RSPOBAP,2003-12-20,Credit,5866
32818,58931,A66,QS9TKZX9,2001-10-19,Debit,5344
17711,53435,E99,06LCAA6U,2006-10-19,Debit,35296
24039,77497,H65,ZBCAIO76,2004-10-26,Debit,19482
15724,61861,H65,DH5GY5L6,2018-07-13,Debit,35697
26225,63643,A66,UBE6VAY0,2013-07-04,Debit,10549
12777,67957,E99,BI2MBK0Y,2007-04-27,Debit,6569
11230,73032,A66,RPL2QVDF,2014-12-01,Credit,6454
10551,65135,A55,LLZ5W5LA,2007-03-17,Debit,12001
23739,60456,H65,L52K33DE,2007-10-19,Debit,6276
28794,87431,A55,W83VY8UJ,2003-12-25,Credit,13667
33956,60861,H65,XAUYC0GL,2021-02-05,Credit,12386
16543,83433,A55,XYPRYP97,2017-12-27,Debit,7915
13835,60150,B11,P96J3ZWI,2019-05-27,Debit,25961
30983,63685,A66,ZQHADVEM,2006-07-16,Credit,7699
16351,54508,A55,WW7IL61X,2015-10-09,Credit,18518
16148,64667,B11,XLMHRLVX,2006-09-19,Debit,11225
12119,78837,E99,S95F1UKA,2008-02-11,Credit,8408
11355,82672,E99,MNBF24CA,2007-11-26,Debit,8387
36407,51337,B11,IITH13MY,2009-02-09,Credit,6821
22907,70626,H65,BPSIB886,2002-05-19,Debit,8868
28984,75711,E99,GJX3O75Q,2010-08-12,Credit,12492
36021,89943,A55,1GCK2DVW,2022-10-13,Debit,7835
23402,59082,A66,JGF5JOA3,2019-10-28,Credit,2650
22815,52352,A55,2MYXT22S,2018-12-23,Credit,14079
14808,56508,A66,AX8UL6UU,2008-05-12,Debit,11119
37650,51806,A55,F26K48DZ,2009-07-03,Credit,8285
15640,50947,B11,MD6WF9JZ,2011-08-26,Credit,27956
34737,82698,B11,OUQ1FY3I,2003-05-03,Debit,19246
31056,81259,A55,9EQCCVAX,2001-09-02,Debit,5354
28201,81226,B11,G5H165W4,2010-11-13,Credit,11959
29825,59456,E99,205JCSB8,2009-07-11,Credit,4201
31719,65549,A55,LJUNKDJP,2022-01-18,Debit,4808
34498,82652,A66,AGRODKSC,2004-06-16,Debit,11209
34522,77130,A55,A7W1CFSJ,2012-11-24,Debit,8294
27378,71952,E99,OX4DXZBK,2015-09-19,Debit,3573
19184,65329,E99,04ITZT86,2016-03-19,Credit,19211
19517,69775,A66,EBFGZJZL,2011-03-06,Debit,17696
39459,88298,A66,W6CT8IT4,2006-05-10,Credit,11190
33753,59905,B11,WC4LEFR3,2019-06-22,Credit,8484
35570,57028,E99,FTC0SYZS,2007-11-06,Debit,19201
34047,66380,A55,JGVBELZ1,2015-10-17,Credit,4132
13639,68612,B11,XHH9G42F,2016-12-03,Debit,8725
31359,61069,A66,QJYDHBGZ,2022-10-26,Debit,8622
37540,50264,A66,Y6XIXPSD,2005-01-14,Credit,12880
12302,51854,E99,GSVZ9AR6,2000-06-17,Debit,1812
26279,54320,A55,ZGVJ1K1H,2021-12-14,Credit,4392
24641,61766,H65,Y7E7LFIB,2006-02-08,Credit,4854
39231,86510,H65,PWY6PV5B,2019-02-01,Debit,18181
18246,78938,H65,8A05JPMX,2006-02-25,Debit,6561
33177,64589,E99,HI5K6OTX,2000-12-28,Debit,1463
25207,65139,E99,BPX3H4C1,2000-05-27,Credit,12718
34836,77351,H65,NCHM6S1O,2020-12-24,Debit,3540
10548,79185,E99,W3BXDCW1,2014-04-15,Debit,7912
14091,52900,E99,NEFA1SN3,2007-09-27,Credit,3357
26102,77862,A55,7HHFC7I9,2005-06-13,Credit,25743
32943,74331,B11,SZXSGO2N,2008-10-15,Debit,5966
22682,88297,A55,ZS4PVWD3,2018-12-11,Debit,27210
20417,60962,A66,5TKXEU0N,2010-07-07,Credit,4410
27480,67132,H65,REY9A7WH,2018-11-02,Debit,10878
34964,84163,H65,200OUAMR,2019-08-23,Debit,12839
34658,73791,E99,TBHIIN7O,2022-11-04,Credit,5191
16695,61655,A66,3SVPZKHZ,2016-05-16,Debit,19985
21941,65985,B11,TPGMQUMJ,2008-08-25,Debit,19650
11208,74866,H65,SFAJWGRW,2014-06-01,Credit,3286
36130,53610,A66,9DC2FMDL,2000-05-01,Credit,7431
37102,81711,E99,N6XF7IRT,2003-07-12,Credit,22169
31281,75814,H65,5EESTXVT,2019-04-08,Credit,7194
30851,89845,B11,OQ9BDJLE,2000-06-08,Credit,1243
20929,63117,B11,U3GTGI6S,2004-04-12,Credit,17714
10995,57271,H65,TOIOB0MK,2021-06-02,Credit,6157
23716,55554,E99,2PME6KYR,2019-10-10,Credit,9172
24651,70842,A55,LRN6OVTI,2013-12-02,Debit,10999
33372,63493,H65,4AKRHXOH,2017-01-25,Credit,6290
39422,54133,A66,N60DI4PB,2020-01-26,Credit,5972
20457,61881,A66,415217AT,2020-04-01,Debit,22094
39804,74555,A55,H6BLCROY,2018-10-02,Credit,11271
33949,83583,B11,TJFUI6GT,2016-08-26,Credit,13972
19600,83098,E99,0SOL7TD2,2004-07-05,Debit,4253
26888,87862,A55,V35E35GP,2013-01-12,Debit,21024
12797,77783,E99,2IJ804R1,2021-04-28,Debit,3254
31035,82723,A55,MAYJ3HLD,2005-04-03,Credit,17989
27177,68181,A55,CYC86QP7,2000-07-16,Credit,9259
23509,86504,H65,J79TRMRS,2006-03-01,Credit,7263
30696,86408,B11,MPTVZDX0,2017-11-04,Credit,1271
31041,50260,H65,VJ67IG2Z,2005-11-09,Debit,4910
18507,61330,A66,X0Z2B4J1,2005-01-25,Debit,15639
16844,84792,A66,97VKBA2A,2014-06-17,Debit,12691
17616,86270,E99,KB0WW3C4,2018-10-09,Debit,2706
19054,76218,A55,QH5VQF3I,2002-01-16,Credit,4593
16277,75899,A55,6IKQVAP4,2022-11-01,Debit,7164
17044,58109,H65,CY68NS5V,2007-03-04,Credit,23107
14874,55321,E99,EEVS8F5N,2010-12-19,Credit,1008
30472,56758,E99,WYHQPOGF,2011-04-14,Debit,6010
16635,75669,B11,P5DP74ZY,2012-02-22,Credit,9153
31639,76484,A66,UEK7ISO9,2012-11-08,Credit,7338
35847,58380,E99,VRB6TXVN,2009-03-28,Debit,4094
24627,51755,A55,85ZIZMX3,2006-08-14,Credit,3366
31417,61350,H65,RY86JH5H,2005-09-17,Debit,8943
15711,71973,E99,VD6BQL9Y,2000-07-21,Debit,6718
15537,70892,A66,V3ACGO33,2000-02-10,Credit,25641
29638,71102,B11,RTUGW5RT,2019-01-14,Credit,7378
17689,66247,H65,GOX8HEL0,2011-10-04,Debit,3383
19482,57842,A55,5UFYCZ1X,2011-08-14,Debit,13256
37317,73038,E99,8ER8ON1B,2020-10-08,Credit,4675
13896,55181,A55,9IKJHSFI,2006-12-13,Debit,14914
36512,79199,H65,5J5QU5IU,2007-08-10,Debit,12018
39329,70254,B11,D39N9C5K,2002-02-05,Credit,8228
13641,54010,A66,MD02MK3B,2010-09-28,Credit,15344
23904,70287,A55,PDZ1QQM7,2011-11-06,Debit,2587
30215,81705,H65,VT10AYX9,2006-05-01,Credit,6404
35375,77883,A55,49CVELN1,2015-08-07,Debit,6756
30480,88097,E99,A098LBHA,2012-04-27,Debit,18293
18372,54975,H65,PW8B5BHP,2003-06-15,Debit,10276
14046,81196,A66,U96R1MEY,2002-05-15,Debit,4042
21711,83696,A66,F8DQQSGK,2021-06-06,Debit,10197
20577,61240,A55,3T9SNW3N,2021-03-18,Credit,8108
10986,84795,B11,UFY25P0C,2018-09-05,Debit,8092
32237,52353,A55,VQDW814Q,2016-09-21,Debit,15609
36561,70454,A66,SORPLCGX,2005-02-21,Debit,5423
11407,84290,E99,9KFZ3QWL,2011-02-14,Debit,6484
21207,66472,E99,L1FCP05A,2020-11-09,Credit,7036
12374,84448,H65,NZ5Y3C6J,2007-12-28,Credit,18977
16883,87487,A66,HLIMSGV9,2001-09-13,Debit,21674
14400,67717,E99,FTH9A6UX,2005-12-21,Debit,3878
19367,77513,B11,T7LG98S9,2018-05-27,Debit,21526
36015,83318,A55,FYI62J8X,2020-05-26,Debit,13084
24101,65283,H65,N8INFF0S,2020-04-25,Debit,16474
37934,59782,H65,7WK7HEGB,2000-12-06,Credit,21209
11590,75789,H65,BRDCDYVI,2017-10-02,Credit,15759
17093,64019,E99,P0VICSXU,2008-09-22,Debit,7875
30865,59379,E99,WX4L3BXY,2005-02-20,Credit,5035
33675,54325,A55,G258MZTV,2020-02-15,Debit,24182
19046,84658,E99,JNAE734R,2022-11-05,Debit,2627
33899,69581,H65,PTIFSWSV,2007-12-28,Credit,9174
33113,76516,A55,GYBPAU87,2005-01-04,Credit,3799
22608,75150,A66,LWQCAMJO,2003-02-27,Credit,7344
11604,57722,B11,Z1UF6SCG,2011-03-28,Credit,7108
31612,65326,A66,D9TMB7S6,2018-04-18,Credit,2287
32211,68405,B11,KAYI1HVK,2001-10-24,Debit,4940
18888,55400,H65,VRSD5D1V,2015-10-19,Credit,5910
33703,84112,E99,AYIUN7GG,2002-04-25,Credit,7049
20281,81091,A66,M7OF2ET1,2015-10-25,Debit,3775
23586,66090,B11,7BB989J0,2001-09-08,Debit,13187
39506,87701,H65,HQ1TQUPX,2010-11-10,Credit,10154
34907,52627,A66,H79NBO31,2010-09-06,Credit,8680
32559,85822,H65,4P0CD867,2004-10-26,Debit,9814
20816,54480,A55,Y7FWE2ZW,2004-11-15,Debit,3675
16096,78076,H65,2O6R8IDP,2008-11-19,Debit,4654
25753,53083,A55,W1TNKXNA,2008-06-20,Debit,8162
30639,54520,E99,02J5VA37,2018-11-20,Credit,3031
35457,50765,A55,E7MHGB2K,2022-06-23,Debit,13056
15726,60532,E99,6RE86IP6,2012-01-06,Debit,7555
39319,52872,A55,LP3BJLCS,2001-07-12,Credit,4001
19069,50849,A66,39CYU237,2013-02-21,Debit,2564
39465,86002,A55,UQ0VWEVA,2012-05-26,Credit,17137
24059,73098,E99,Z96PSY11,2006-01-19,Credit,3197
10224,55028,A66,39Q25X0U,2001-02-23,Credit,6641
30338,82624,B11,OPE0JASK,2020-09-26,Debit,5574
21879,83953,E99,5IOIXUQE,2017-03-02,Credit,3931
26060,88381,H65,MP8MKFHK,2022-03-02,Debit,7019
23508,64421,H65,EE67T8FU,2020-11-11,Debit,15565
29314,76404,E99,XALZMM10,2021-12-12,Debit,15769
26954,53062,B11,S3I89S6T,2012-07-20,Credit,14209
18739,89115,B11,6BHXCDZ2,2007-11-06,Debit,14597
20100,56667,A55,JVL3KMAC,2004-09-17,Credit,8737
38841,69124,B11,SU9R4G42,2012-10-16,Credit,9967
28090,66139,E99,GXT5VUJQ,2001-04-14,Credit,7435
30994,68447,E99,7H2AMRN4,2015-03-22,Debit,4590
38287,61331,H65,JVC9324H,2004-04-23,Credit,1078
31672,63285,B11,1JY8WX3T,2022-07-08,Credit,9218
19463,60681,A55,W6930EY1,2006-12-15,Credit,1556
11381,64912,A66,WV1BVFY6,2012-02-23,Debit,1782
10391,85394,A55,12GQ3CC6,2016-12-16,Debit,21424
12835,53258,B11,GHR9NLZD,2010-04-23,Debit,31567
25134,79167,A55,9BUTXWID,2008-04-04,Debit,20751
13261,84151,A66,BCASB22A,2002-08-11,Debit,19210
39370,58623,A55,YZWGGN9A,2000-01-22,Credit,9567
22614,79568,A55,PPW3W0VU,2019-03-26,Debit,5117
27157,65741,A55,WVGVFK35,2004-08-04,Credit,3881
35962,71498,E99,UD098HP0,2019-07-16,Debit,11582
35425,67495,E99,HNP0IGX8,2017-07-14,Credit,10473
27509,78998,A55,BX773S0C,2001-04-21,Debit,5337
11937,84909,B11,2TRHAAPB,2020-02-23,Debit,14039
22216,74043,A55,XFRXU2QW,2018-08-09,Credit,4813
22571,74382,E99,PUWTSX2A,2012-11-02,Debit,13427
31911,81700,A66,AKB7LE6I,2015-04-10,Debit,12423
34408,66897,A55,9U3JFMYP,2012-06-27,Credit,58789
29604,62178,B11,2J03PH0J,2015-07-08,Debit,5259
28843,81537,H65,JFMHFRRG,2021-04-02,Debit,22636
32915,63187,A55,UV850JSG,2003-08-07,Debit,9134
29203,83656,H65,Z3E3AVEI,2016-01-11,Debit,13618
36152,87524,A66,NEQ42KHX,2022-11-02,Debit,12445
12006,64630,A55,2C5IXCBO,2017-08-25,Credit,5028
21968,77387,A55,YKP9DBLN,2001-06-07,Credit,2844
28325,61473,E99,74APV9DG,2002-09-13,Credit,11887
15012,62457,H65,QXPTVDH2,2015-01-18,Debit,7578
29293,69780,B11,Z6OIPU2I,2013-02-01,Credit,6342
24909,67630,H65,73OH3KKR,2009-09-01,Debit,12713
32672,79632,B11,1YEYO3T1,2015-07-22,Debit,15101
19834,76363,H65,JNRIJL5Z,2004-05-25,Debit,2309
15646,80529,H65,QB55PQM2,2002-11-28,Debit,1626
38006,69406,E99,L82I9YMU,2021-04-14,Credit,2676
32590,61301,H65,IP546EV8,2015-06-20,Debit,7104
10147,53936,E99,31Q0GI6W,2002-06-03,Credit,8601
39931,73652,H65,BAGCVLNF,2007-02-18,Credit,8007
14320,77080,E99,7YTLJUZ5,2001-04-20,Credit,3371
31424,80175,A66,9RQSMWEM,2017-07-21,Debit,4008
11686,51223,E99,164536F4,2021-11-06,Credit,2361
13156,73497,E99,8G3U3O7T,2005-01-26,Credit,9795
23676,88529,B11,5JJW1L3Y,2012-11-19,Credit,3273
29376,56236,E99,SJLWQMS0,2004-02-01,Credit,14016
35919,75745,E99,50P66P63,2020-03-09,Debit,6490
16871,79752,E99,1EMTK4DX,2018-06-11,Debit,13643
10186,71856,E99,H1TDRJZC,2022-09-24,Credit,2347
25622,85577,A55,DVYTJ2HW,2011-11-24,Credit,14181
19169,51783,A66,18FOXSK8,2019-02-04,Credit,4747
25132,89460,H65,17UK8ZUQ,2001-01-19,Credit,16391
23310,82847,H65,W6GJ5NQA,2017-06-16,Debit,2023
20923,78053,A66,O49FOE2H,2020-05-12,Credit,8650
35506,58127,A55,WRFJYX3U,2017-06-22,Debit,5488
26724,73309,B11,PNUD991W,2003-03-11,Credit,9688
27063,84366,H65,MBNW2WQV,2011-08-27,Credit,5250
22147,72912,A66,U43P85LA,2008-06-24,Credit,11870
27818,61450,A55,32YM35G5,2015-12-09,Debit,3581
12692,77851,H65,DV4U0J1S,2021-12-11,Debit,18038
28775,84167,B11,DGOM2N4G,2005-08-26,Credit,6786
13184,79125,E99,9O3VB7V6,2006-04-01,Credit,8003
27559,73598,B11,DPB1YAXP,2019-12-16,Credit,6251
37077,56108,B11,RARNRA88,2010-06-13,Credit,11740
39262,52283,E99,F0F8S67N,2009-06-01,Credit,3948
27072,76919,H65,TAKKY5WP,2017-11-21,Credit,21995
11506,59926,E99,OG8LXNBN,2008-12-22,Credit,11983
16414,54619,B11,HRBY5FBB,2018-02-04,Debit,5189
37873,50227,B11,24ZB3TSC,2008-06-24,Credit,6063
37045,75271,E99,E7W1N4ZO,2014-01-15,Debit,17546
20328,61552,E99,1RGKNGUA,2002-10-20,Debit,15470
37223,56415,H65,3AS8P2KN,2011-12-21,Credit,15874
35941,50915,H65,U46VJZVT,2006-06-08,Debit,7736
24619,52454,E99,L92ESRYK,2020-05-03,Credit,6156
32805,84963,A55,1EC1O19I,2008-06-06,Debit,7225
34468,67837,E99,3FDYNPBZ,2016-01-01,Debit,3873
19040,85091,E99,WE3L0GMD,2008-01-02,Debit,4031
29796,86632,A66,V27RINMU,2011-08-16,Credit,7399
28417,64681,E99,FB5210XB,2001-04-16,Credit,12298
17361,63638,A66,MCA3FFPE,2001-05-16,Credit,3646
35812,51365,E99,BFOEJ83Z,2022-04-12,Debit,22301
29830,71688,B11,5H0G0TQP,2000-09-02,Credit,4113
28802,71007,A66,TMVXEW4J,2018-03-13,Debit,13898
19774,80816,H65,SM90VP30,2005-10-14,Debit,9052
23878,89896,A55,LEKPOR5N,2009-01-23,Credit,12290
26529,82309,B11,51T7ZL60,2012-10-03,Credit,8637
16409,55116,B11,FDOCXIZO,2001-12-01,Debit,20772
17678,66209,A66,CARI83LJ,2008-10-25,Debit,12793
11238,73545,H65,FNDCKZ4N,2011-05-05,Debit,11971
23779,88450,H65,A7C314Y2,2000-07-09,Debit,16354
21368,73935,H65,7HTGK1Z4,2012-06-14,Debit,8991
12558,65943,B11,UKA842ZZ,2017-06-08,Debit,7833
26913,69615,H65,S8EISU6C,2006-09-25,Debit,18075
38488,89484,B11,X19GF2I3,2012-02-12,Credit,18879
30807,76875,A66,O2WCQSUP,2021-10-02,Credit,7786
33634,71318,A55,2ZMUGNEB,2000-11-22,Credit,1995
35097,56389,A55,R2KHRKBL,2015-08-09,Debit,5312
14075,71538,A66,NCY9D64C,2007-03-12,Debit,3473
26460,75060,B11,5JZ9WGMA,2010-05-18,Credit,5370
34987,74143,A55,VIWPO2IC,2008-07-11,Debit,4240
27725,77038,E99,TO1MBK5U,2021-12-12,Credit,29593
12105,88341,B11,YTYFRDKS,2003-03-08,Debit,12011
12869,82635,E99,PDHLKVLX,2019-10-08,Credit,13030
36128,76333,A66,06309AAY,2013-06-04,Debit,32163
27342,55807,A55,AZDQNVTQ,2001-09-01,Credit,25567
24694,63450,B11,KXKW8M3U,2017-02-26,Credit,10552
22321,85069,A55,DU5BJNJZ,2005-07-13,Debit,23099
39450,67183,B11,ZS7GVMVF,2020-09-21,Credit,5386
29532,86276,H65,U39HX7XB,2010-05-24,Credit,18303
17464,56834,A55,GWTGE1ZU,2022-07-25,Debit,7107
18153,62341,E99,ZK245M6H,2018-04-03,Debit,4874
36676,72753,E99,NNRB4Y31,2022-09-21,Credit,4440
19390,75353,H65,3DORAIU1,2015-06-24,Debit,4700
32514,88321,B11,8YM7N3V3,2010-09-20,Credit,7311
25883,84398,A55,5SX7MAFU,2020-06-13,Credit,5339
34747,66115,H65,WY5V6090,2012-08-21,Credit,7077
22910,68054,A66,FYY92ZTK,2021-08-11,Debit,2494
27076,65614,B11,YTL92LYT,2022-04-02,Debit,6838
28359,55618,A66,4RW8AZ9T,2001-06-20,Credit,23295
25503,75420,H65,R9Y0DLQO,2006-11-20,Debit,4439
38090,81968,A55,O3SMPN09,2022-06-10,Debit,7406
24525,83075,H65,I7JIJ17L,2010-06-08,Credit,9113
18650,66525,B11,A6OGJFIL,2000-08-09,Debit,4079
36773,70639,A55,W6KFN2FF,2019-12-20,Debit,6091
35731,60170,B11,V0CFJHXH,2005-11-28,Credit,7086
33341,53344,B11,GX0OBL02,2020-01-24,Credit,9240
31885,65107,H65,6RM1DMTJ,2022-04-20,Debit,5937
11042,79079,E99,QXL98UMT,2011-04-13,Debit,5102
24991,89342,E99,KZ9TLVKQ,2006-01-07,Credit,9290
37096,77436,A55,CVYO9Y42,2004-05-26,Credit,6162
28990,89622,A55,K8IRTA7C,2013-06-24,Credit,3563
25590,53174,E99,2QNFKHAD,2015-06-09,Debit,9947
12094,68464,E99,O0WJI4IU,2016-06-17,Credit,11138
26825,75488,B11,V49M8LVG,2004-01-03,Debit,5872
36094,52298,E99,6YWAJY33,2001-06-25,Debit,8381
23850,65864,B11,DKTI826P,2010-09-03,Debit,7098
29701,63459,A66,VWRM1L0L,2006-04-07,Debit,11189
29169,70396,E99,T26UD693,2001-07-14,Debit,2434
34600,77274,B11,WKYL3Y4X,2012-03-16,Credit,20229
24138,85952,A55,VOLLPBZV,2021-08-16,Credit,11905
11553,76669,E99,EQ2GUSM0,2021-12-10,Credit,3518
27529,50440,A55,EC3XP74W,2016-08-06,Credit,3569
17517,65671,A66,8HLHX2BM,2015-07-07,Debit,3049
39620,61181,A66,QLZA8RRQ,2006-01-24,Debit,10981
28450,60951,H65,QHBCSASV,2000-10-17,Debit,16213
34434,85895,E99,OJ9IK5JK,2010-06-20,Credit,3881
13706,55474,B11,2U2DG6HW,2005-03-24,Debit,15485
16749,51530,E99,EDS1XSBL,2014-12-18,Debit,8032
24443,75652,B11,GXF9704M,2000-05-23,Debit,39405
23479,55522,A66,X5Y4WN5G,2020-06-27,Credit,5256
30088,63878,E99,CVEC78AA,2004-11-15,Debit,16658
38929,81597,B11,NNVT2HSO,2015-10-26,Credit,6935
37315,80142,H65,D7TWHSQG,2000-04-26,Debit,10620
34609,73698,E99,K3EI4KEM,2017-09-25,Credit,58444
27190,54645,H65,JCS8XV7M,2022-03-09,Debit,1046
13676,86606,A66,5SYR3LE7,2000-03-02,Credit,20586
22776,58018,E99,TT7UHOFO,2002-02-16,Credit,4818
36789,53698,B11,7SZYNRSD,2020-05-24,Debit,19096
29838,67435,A55,SC1USPBM,2000-02-19,Debit,3616
27592,57139,A55,SPV42YSZ,2012-07-14,Credit,69515
10024,66944,A55,KCEQTCNX,2011-04-11,Debit,17086
12709,59052,B11,XGNFASJ5,2006-11-04,Credit,5522
26210,74070,A66,43P85L7F,2015-09-13,Debit,11195
24607,71847,E99,BN6BF6LM,2016-06-08,Debit,23088
18426,82614,H65,1918ODD4,2003-02-14,Credit,4715
20549,62610,B11,7W01E0UY,2016-03-14,Debit,14868
28065,53932,E99,A7U3PBQK,2016-11-01,Credit,21203
12249,80496,A66,Y0T3RJ0X,2017-01-25,Debit,18759
10355,76985,B11,H7R6LS64,2007-04-10,Debit,3284
15392,70513,B11,KRSOIBDL,2019-12-01,Debit,3445
20112,88428,A66,1KG2GS8G,2020-12-17,Credit,6428
14226,68451,A66,TT4REB86,2014-12-09,Debit,26547
22156,65865,E99,S8OXU38F,2013-01-03,Credit,16223
33592,53138,H65,LBD5AXZ6,2011-04-23,Debit,9506
26228,84126,H65,AMI8UFER,2015-07-21,Debit,2083
18317,77958,E99,LMPTF7LV,2007-08-21,Credit,12360
13090,86353,B11,U54E8XXD,2009-06-07,Debit,6159
18347,77758,H65,3N6SVFA7,2000-05-08,Debit,10769
32092,56699,A66,7VP8W7L6,2001-04-28,Credit,1047
21233,81487,A66,HZFK7OMZ,2010-10-16,Debit,4692
15543,87342,E99,B5BKXA9X,2002-06-24,Credit,16217
30416,85795,A66,Y3IJIRTG,2010-12-14,Debit,7014
11179,78978,A66,5V296VWR,2012-06-16,Debit,5328
20622,87304,A55,DCFD6WNB,2020-11-27,Debit,8271
24523,82523,B11,U8E3SO0P,2018-09-14,Credit,12887
13087,82004,A66,4UF22PHF,2015-05-03,Debit,29796
10947,72130,A55,FA4JHLP2,2007-12-10,Credit,8953
35758,61192,E99,OUC7VZY4,2007-07-21,Debit,2433
27118,58599,E99,5H7XKAZR,2015-12-07,Credit,14392
10217,88952,A66,XDOO1R4J,2017-03-03,Credit,3257
31602,84707,B11,ZAEKO8J2,2007-09-16,Debit,13197
36673,76106,H65,37O5ZA0D,2007-12-02,Credit,6127
33015,63032,H65,KDGAC8Z9,2011-08-19,Debit,9546
24415,79510,A55,1T17KJ7N,2012-08-28,Debit,21909
32386,66639,A55,23XS3LIY,2004-07-14,Debit,4453
28972,60464,A66,GM353NK5,2022-01-12,Credit,10667
18929,82756,A55,2T7CJUS7,2013-05-13,Debit,7662
34140,58294,E99,3UJU62WU,2010-10-22,Credit,6494
19994,71132,A66,Q38M6DXZ,2016-10-05,Credit,7590
33288,52225,B11,6J1G5KFN,2016-11-17,Credit,1806
17097,84570,H65,40DCFCEP,2020-12-09,Debit,16025
15458,62376,A66,9YPSRN9R,2009-04-10,Credit,4847
30508,80139,A55,W12O7T34,2010-01-18,Debit,14268
27171,89594,A66,PKKJ95N2,2016-04-05,Credit,6556
22656,70706,H65,P98JA811,2018-02-28,Debit,11307
27120,65240,A66,PXPOB4IG,2021-09-22,Credit,7644
39229,70145,A55,6ICCVAJ6,2009-05-03,Debit,1774
22503,70623,A55,Z9GZ1W1Z,2014-06-24,Credit,18190
16901,70873,A55,8AM3H08K,2008-04-05,Debit,18059
30685,79160,E99,ZU0B85E8,2002-12-20,Credit,7967
30782,51491,B11,TRRI5VNF,2020-03-04,Credit,16053
12213,70709,A55,96OV4652,2013-07-26,Debit,12948
25852,69599,A55,0EXI044Z,2011-06-04,Credit,7066
33168,62004,A55,F6Y8S0IH,2013-08-15,Debit,2506
31483,84094,H65,EXX2FV26,2018-12-13,Credit,8442
37405,69823,A55,K566R1T7,2013-02-15,Credit,10624
26440,72076,B11,VCV1RQVE,2015-04-27,Credit,22094
35177,66190,E99,SXYWLOBU,2007-05-25,Debit,3144
36285,54178,E99,S7AAMQLB,2001-10-17,Credit,8327
11979,67904,A55,ZD1YETYO,2010-11-18,Debit,2763
25054,50956,E99,BI0K6GF6,2017-05-25,Credit,6415
36033,75393,A55,HU8Y6D7J,2013-09-16,Debit,6082
37710,83989,E99,SFTORBDH,2013-08-05,Debit,3319
37554,78951,H65,H2DQMMZ4,2018-09-08,Debit,2305
28995,52021,A66,JG0Y8MZY,2013-10-13,Credit,10093
30896,85846,A55,0BH39QHG,2005-07-26,Credit,4561
31938,76252,H65,61OG43L0,2013-02-10,Debit,26081
11113,54016,A66,2J10I8L3,2008-12-24,Debit,7582
37942,63162,A66,7WX34UD3,2017-03-01,Credit,9895
19355,68593,E99,SVS9DRNV,2010-05-21,Debit,6252
14321,54799,A55,MXOD5I6V,2011-04-06,Debit,6642
25231,79134,A66,VVPNROZU,2003-06-10,Debit,3988
21670,73386,H65,CU5EJ6TQ,2016-06-14,Debit,7465
30718,88463,A66,EOPQWZRN,2010-10-11,Debit,5902
19422,55624,E99,NFERPESP,2003-02-22,Debit,12578
19510,86174,H65,7YERZQUH,2007-08-24,Debit,9330
20246,52369,H65,ZRZNC742,2007-08-26,Credit,13098
10519,71393,A55,5EFNC7JH,2001-05-23,Credit,6295
32842,74129,H65,CDUPCTHO,2016-09-05,Credit,10675
35737,81972,A66,NSRW70JM,2014-03-07,Debit,6738
19639,70786,B11,GIVRSLF1,2006-11-01,Credit,4136
29083,82350,E99,EXBUFENI,2016-12-06,Credit,8327
17700,82281,A55,S7FHZIGF,2002-10-07,Debit,4547
12156,77407,B11,XFDUJGJG,2021-11-28,Debit,11127
14220,69277,A55,CNBXTY8A,2001-03-14,Credit,21448
39117,85680,H65,5E6S1BR2,2000-03-06,Debit,8710
30649,54059,B11,QUPP0GCE,2002-05-18,Credit,5360
36180,51998,A55,B1HA42KQ,2018-07-21,Credit,16804
32766,83284,B11,SLR72PVG,2010-02-25,Debit,5161
13473,76654,B11,S6LBDS20,2016-01-10,Credit,5437
17054,75009,A55,V91H8L2P,2013-12-02,Credit,5701
30627,89697,B11,H2ANDY3T,2010-12-16,Credit,54326
18702,64567,B11,TETZVG8D,2015-05-04,Credit,23448
14169,58625,B11,KBW7SOTV,2018-03-24,Credit,3431
34909,73924,H65,O2N21I5N,2017-05-16,Debit,14443
13815,82840,A55,56TECMXN,2020-01-10,Debit,8359
15152,64225,A66,MXE80CSP,2019-12-24,Credit,4839
23036,71616,A66,L30Z1XLA,2018-03-17,Debit,11625
35149,75192,B11,RD1MJYJ5,2001-06-25,Credit,11764
16977,85130,H65,935QGBWG,2019-05-06,Debit,11732
19399,51485,A55,4OA7WHTY,2018-12-17,Credit,6699
16365,60543,H65,JQROZPKL,2016-05-03,Credit,9257
32775,60268,E99,7HWOM3A5,2014-06-15,Credit,41850
18557,50537,E99,DCGO0MWF,2002-10-04,Debit,23928
33491,62290,H65,Z0KSX6ZU,2011-11-20,Debit,6828
34278,59996,E99,WJ10DZ74,2020-03-09,Credit,11781
20103,72073,B11,8XQ9YT38,2015-09-26,Credit,10984
22773,88358,A66,N5MYNDYB,2012-11-03,Debit,4648
39660,79928,A55,UWC07FDB,2006-06-17,Debit,26919
38487,61773,E99,UEUY5Y5R,2005-04-23,Credit,4008
37241,67817,B11,W6V0BJ8B,2003-07-11,Debit,4295
21114,78606,A66,JT0B6LOC,2008-12-04,Credit,17711
16187,66011,A55,T4ZIJZPM,2010-11-02,Debit,4704
38927,65305,H65,YVJ7RE81,2007-02-10,Credit,3952
11708,71038,E99,FI82G6I8,2005-04-16,Debit,9163
28540,59007,B11,5BH7TUEM,2008-02-15,Credit,5973
20035,65301,A55,00N42ILZ,2021-10-25,Debit,10090
25287,53127,E99,IFSQ2AYH,2017-06-04,Debit,9125
11439,70699,E99,8B6QBTW6,2013-04-07,Credit,10266
20354,58847,B11,YGN7EARM,2008-10-05,Credit,12767
38705,58646,B11,MI8ATII6,2009-07-08,Credit,24523
32845,81765,B11,CKYBLKL7,2012-07-24,Debit,5260
27830,67311,E99,041K8JEP,2006-12-28,Credit,3672
38195,76956,E99,MC6QSQ3H,2019-11-03,Credit,3840
14152,87582,E99,PZCZ4066,2001-02-07,Credit,3062
10613,81410,A55,7XYPJ1BC,2021-11-19,Debit,11073
13306,52602,A55,AJ53BEAV,2022-03-14,Debit,9571
25951,55632,A66,3VTLB4X6,2010-09-14,Debit,7511
14362,82148,H65,S75T57KF,2020-01-04,Credit,9016
22144,84224,A66,5F316W45,2012-06-17,Debit,9762
30619,67182,A55,B5CC7XJV,2007-10-12,Credit,5869
11030,59985,E99,EIKSZFCY,2019-01-21,Debit,3753
39782,88345,H65,7VMEQ9GR,2005-11-24,Credit,7491
19917,56019,E99,LFQIMC2C,2014-06-27,Debit,2800
21803,72714,B11,L64DAY72,2001-05-04,Debit,5872
23072,75858,E99,BRW74I19,2002-12-28,Debit,2607
37340,77805,E99,0B5WXHFL,2021-09-24,Credit,22506
10158,63061,B11,EE69YXCZ,2006-04-19,Debit,5720
13824,58448,H65,EUMMUX6U,2009-06-01,Debit,7281
30902,50982,A55,4RAWBWUV,2019-05-24,Credit,7544
24163,56333,A66,NSF4JXB2,2010-04-19,Debit,6423
31555,82311,H65,Q52U8TLZ,2008-10-24,Debit,7772
26783,80599,H65,SP3Y19H2,2016-10-14,Debit,11437
10584,71203,H65,DEZ2UQEC,2004-04-03,Credit,3575
30255,82335,A66,EQMAJRR9,2007-09-11,Credit,23346
25449,66050,H65,5TOX6SRJ,2010-04-14,Debit,2817
23756,79439,B11,26OD6ES2,2021-11-05,Debit,1210
30787,57006,H65,RYLCOEKX,2021-09-26,Credit,9582
30979,71878,A66,JKAY14QL,2013-11-08,Debit,2307
20129,70968,B11,QGBG7JJT,2001-06-28,Credit,5441
36165,59586,H65,YPXOQIP7,2016-08-23,Debit,11045
23491,76653,E99,EPTK6K6L,2009-04-13,Debit,5459
39795,57367,E99,Q1JTHD6O,2020-06-07,Debit,3889
25763,73704,B11,JZDF9ACV,2004-10-14,Credit,7301
25690,64946,H65,SGH60JRQ,2017-06-07,Debit,11117
23331,85349,A55,DBD1LB3O,2006-02-05,Debit,11909
20746,60822,B11,NOJA3Q1S,2003-11-23,Credit,6785
24801,83343,A55,STOM7LG8,2003-08-21,Debit,5437
14852,71448,E99,TRTC6ZC0,2011-08-04,Credit,2902
22937,50999,A66,P7Y35FV5,2017-10-13,Credit,8768
24840,67258,H65,17Y573N6,2019-06-27,Credit,7983
30003,77694,A66,G4IYHOYM,2016-04-13,Credit,8366
14691,82330,E99,189I5O6V,2017-06-28,Debit,17649
11226,85011,E99,NQVEZES5,2017-07-12,Credit,4311
20844,52472,A66,I195LDN6,2003-11-01,Credit,2829
14265,56764,A66,0BXYHZX7,2005-12-12,Credit,6248
23558,77853,B11,Z3UWH80A,2007-08-23,Debit,4716
18291,65040,A66,YOOOC39I,2000-10-08,Credit,12970
16314,74386,B11,BXEY6FOY,2016-01-13,Credit,3246
19446,57546,A55,P8R2F8KG,2008-08-14,Credit,16646
33374,74035,B11,QS6TX26Y,2001-05-27,Debit,13130
36958,57296,A66,S122DBAR,2022-07-17,Debit,6141
27814,50686,H65,YGBPVYAB,2022-12-14,Debit,8621
31374,54906,H65,VOIYF3F3,2016-06-10,Debit,1574
35081,82038,B11,D19KBLYJ,2007-06-23,Debit,5436
31239,62048,A66,ESY486P9,2012-01-17,Credit,3891
18306,81493,A55,NYP7AJPM,2015-06-18,Credit,5529
21886,63750,A66,O47OLZUI,2006-05-21,Debit,2351
34598,87562,A66,D9O7U89S,2004-01-01,Debit,9119
10242,83432,B11,1Y151OXS,2003-07-04,Debit,8246
32370,70404,B11,DLG3CC21,2002-09-23,Credit,6369
21239,53590,A55,O03M0N69,2008-07-07,Debit,13424
19364,65410,E99,MZ7V0NIH,2012-05-17,Debit,1774
37361,88156,E99,J4MZ0IL6,2021-11-24,Debit,7058
22995,67774,A55,ZQSQY8RC,2016-10-26,Credit,12459
35992,50441,A66,PW3B6PF4,2007-05-24,Debit,5283
17786,82558,E99,BDYN65UF,2020-02-22,Debit,6119
24699,79887,A66,DEDOLTMP,2016-08-14,Credit,13153
13619,78123,E99,GOBU4MC6,2019-02-28,Debit,2633
20730,89223,H65,F957HOQY,2014-06-13,Debit,8866
38398,60635,A55,HVYNSKVG,2018-02-17,Credit,8925
15454,58622,A55,O1W38V4Q,2022-12-20,Debit,5686
28575,55438,A66,K5L4FG6Z,2005-07-13,Debit,4948
11139,80674,H65,HJ09ZV5A,2015-05-27,Credit,7817
37335,69627,B11,2IWYZKTU,2005-06-19,Debit,6744
15088,84177,B11,ONMEN8CW,2022-02-12,Debit,2238
16728,84328,E99,D8CH5M6Q,2021-11-24,Debit,11062
23424,64748,H65,WPGVBCYR,2017-02-27,Debit,7242
37698,87489,E99,ZB61BBYF,2006-01-04,Credit,2549
35074,54961,A55,6ES4JHZU,2022-02-01,Debit,10459
14864,50365,E99,BF3G7NSW,2019-08-28,Debit,11771
29049,75408,H65,LLGAW1QA,2002-11-21,Debit,1836
25240,72309,A66,W219XVS2,2001-11-26,Debit,12050
21361,55613,A55,HRN3Y329,2021-12-04,Credit,5881
14520,86929,H65,6GI32E6G,2015-05-24,Credit,18868
21766,64838,A66,DH1SX5VS,2000-01-16,Debit,3495
30300,86831,H65,5QT62F4N,2004-03-23,Credit,8020
11129,50443,H65,0QPPUSPH,2010-03-04,Credit,10281
10837,87362,A66,YAWBKKJX,2019-04-03,Debit,1630
31340,75495,E99,TNZ02HL9,2002-02-11,Debit,2869
36637,62252,A55,J1J2TJEU,2000-09-16,Debit,11397
12292,68111,H65,7AQZHE89,2002-06-17,Debit,19135
17675,61742,E99,PX7F91SO,2021-06-04,Credit,13775
17794,60724,H65,T9ZNKTXR,2005-07-21,Credit,7013
37263,86066,H65,8RZBXOJO,2007-04-14,Credit,11092
13009,72992,E99,8N8IU461,2014-07-21,Credit,5414
38679,80434,H65,OGA5IWYE,2022-11-05,Credit,5163
19894,74025,A55,COT6GX8H,2016-03-28,Debit,31031
25369,65129,H65,0IJO5E39,2022-01-05,Debit,4765
23277,59145,H65,0HU5J3GW,2013-12-26,Debit,21197
22603,82535,H65,5R7SNFCE,2008-02-28,Credit,8414
27138,82983,H65,TLZ5MFP9,2014-01-22,Debit,14236
20399,67586,A55,AX0P6ZC6,2000-08-07,Credit,3545
31449,61738,A55,SHJNAGHL,2015-03-10,Credit,10459
32658,70772,E99,5V350SO2,2008-09-14,Debit,8771
16589,69154,A66,PP9W53RU,2007-10-20,Credit,8455
18483,70738,B11,1KC9V3JH,2014-10-26,Credit,3907
34022,69110,H65,N81O7KNT,2001-07-25,Credit,20774
36677,57232,B11,LUN8889P,2018-02-01,Debit,6631
15091,57051,H65,9PGVO81V,2013-04-09,Credit,10151
10111,53055,B11,ZPA41PYZ,2018-05-07,Credit,4467
26817,56506,A66,R7LNZOWS,2001-05-01,Credit,10301
26373,69153,B11,TBT6UJSG,2012-05-28,Credit,9518
27426,73421,A55,A6D4H31Z,2005-02-23,Credit,9424
11291,66750,E99,U4Q2DC6O,2002-08-26,Debit,2366
37832,86257,A66,IFU4SIA2,2022-08-18,Debit,1302
14172,58462,E99,205RV6VD,2007-12-27,Credit,5272
20048,70012,A66,MZ6IJ3G6,2011-12-23,Credit,3833
16778,88539,E99,CRCI233Y,2021-06-05,Debit,6445
37844,72507,E99,8A18W1C2,2015-06-14,Credit,2154
16633,79106,A66,6S0PX6XC,2017-02-26,Debit,3066
24890,50611,B11,BBW95UOU,2007-06-20,Credit,8647
25733,70618,B11,U54D5ZTH,2002-04-18,Credit,11896
20197,51429,A66,RPZP3QT5,2015-05-05,Debit,6842
14340,83187,H65,SB0AF85D,2003-01-23,Debit,3289
12083,86975,H65,Z87T5JUQ,2014-12-16,Credit,8533
22805,83039,A66,8KQ6TH3V,2012-01-06,Debit,7711
32500,87744,A55,U1GVYEYC,2021-01-20,Credit,11579
37051,72816,H65,HJD1MYLT,2017-05-10,Debit,6918
24643,85599,H65,NVPWMIDO,2014-06-16,Debit,4976
17255,73840,E99,55XIB12I,2005-03-01,Credit,5518
37109,72641,A55,6ATARGLG,2005-08-14,Debit,10360
28504,57920,A66,GA1MARWA,2018-06-27,Credit,4002
21291,76062,E99,1KCCJE48,2016-03-13,Credit,6036
25297,62276,A55,XFR43JFS,2014-11-03,Debit,5458
30145,66921,A66,S2RSHA99,2004-12-18,Debit,9562
14334,73167,A55,O5T0PDPT,2003-09-02,Debit,7164
39109,56271,A55,Y4NPX7ES,2014-03-21,Debit,20007
12233,86309,A66,O2VMLDNA,2014-04-10,Credit,8854
26384,71012,H65,82E495BB,2012-05-08,Credit,8011
17560,60865,A55,E2TRKYX6,2021-09-13,Credit,7347
10250,86976,H65,85GK19DE,2000-05-18,Credit,6547
17442,62213,A66,N423WF17,2007-01-02,Debit,15473
19539,53677,E99,Y4P2EHNC,2003-11-16,Credit,11335
13498,80249,E99,QZKATGCQ,2001-12-16,Credit,3857
23421,58535,E99,VHMT2YFN,2017-05-14,Debit,10983
23018,64049,E99,OHFZICU8,2014-06-07,Credit,12508
36742,68733,A55,JWD4ZSRC,2014-11-16,Debit,4301
23623,65699,A66,V5O6EEX0,2019-07-08,Debit,8231
15545,72466,B11,DT8N6M4S,2013-09-27,Debit,5703
18461,70882,E99,Y0D6JDPV,2005-07-19,Debit,5948
10828,69114,B11,AGUZB1IU,2005-03-26,Credit,10779
13470,73849,B11,H41SMNVN,2003-07-27,Credit,6010
14184,76881,B11,X8B8EY32,2003-12-20,Credit,5595
10997,79479,E99,WY50N45Q,2005-01-19,Debit,20611
29631,85841,A55,RM9CCG57,2015-06-23,Debit,5247
26281,82429,H65,6Q6HQ3T9,2001-03-20,Credit,4490
33934,67756,A55,NP8CA419,2002-01-06,Credit,15530
11957,79983,E99,JJVPOF56,2020-11-26,Credit,7411
37479,57289,A66,QQ9GBYEK,2008-12-02,Debit,2964
35349,82066,H65,Z56K9AN4,2021-03-07,Credit,3771
21134,66278,B11,YHTJ1A55,2013-04-12,Credit,15752
39085,63647,A55,YWVEQTH5,2012-03-25,Debit,26244
38775,68799,B11,RX270ZJ3,2016-05-06,Debit,14420
19099,69699,A66,EKQXD7M0,2022-11-02,Debit,5834
31288,85758,H65,XAYWHRTS,2022-01-15,Debit,7078
24342,76615,A66,CI9B8SZV,2004-09-19,Debit,5875
11362,72908,E99,E9CF2UGU,2005-03-12,Debit,9884
39629,73482,B11,E4F72UFW,2013-11-07,Credit,8839
22872,69015,A55,V0FA6WXD,2021-12-01,Credit,20827
14818,73379,H65,4NMO8ZFP,2020-01-14,Credit,5699
29785,66642,H65,Z4GFYA7R,2011-10-05,Debit,6564
29210,84629,B11,RB0T44MS,2021-04-20,Credit,8756
11871,50594,E99,KVGYSO6I,2007-08-16,Credit,8982
26500,52958,A66,0KXO4YAB,2000-07-05,Debit,4520
29807,56628,A55,X6USOKLV,2013-11-01,Credit,9233
27573,78127,H65,870DST8I,2017-06-04,Credit,6586
10187,79231,B11,K0JEZ36L,2010-10-26,Debit,9421
27067,82713,E99,1C4A3D0W,2008-10-28,Credit,5262
36567,72334,A66,6OUQ3AI2,2022-08-15,Credit,6264
19057,85340,A55,FQY1J1EH,2011-10-24,Credit,9603
39776,52224,H65,V7IZI8JS,2000-04-21,Credit,7142
25386,77656,H65,T84FZ0F9,2004-01-15,Credit,2950
19788,76525,E99,0TAC91NZ,2001-06-12,Debit,20262
24621,62207,A66,SQTTQMID,2022-10-28,Debit,6968
10746,59516,B11,SXYTVS3G,2022-07-13,Credit,1879
27119,55040,A55,F1M1Y0SB,2000-09-05,Credit,18177
13707,88845,H65,XQJFVSEQ,2006-10-25,Credit,7596
15374,80157,A55,HSI78S7V,2014-11-26,Credit,5861
32111,50136,A55,IC338L1A,2015-12-13,Credit,7738
21943,65681,A55,ZFCWASVW,2008-05-11,Credit,4241
22729,84842,A66,EHWMHV8H,2019-08-10,Debit,17418
27911,82771,A55,6S2ORFBK,2015-03-02,Credit,5440
25241,51338,A66,GEA88INA,2021-12-23,Debit,3780
11360,53915,A66,SPEJD61O,2005-06-16,Credit,10121
30312,59531,B11,PO2VNS89,2020-03-16,Debit,8995
15789,65841,B11,KKB8JBK3,2022-01-14,Credit,4931
19527,83073,E99,BMCZ05VZ,2017-06-24,Credit,4533
35494,87199,A55,UT9Z8GCK,2015-10-20,Debit,7017
37895,53115,H65,L1IOSEIZ,2002-02-05,Debit,11871
20279,79990,A66,IYPB42R0,2001-12-18,Credit,5684
21731,63926,A66,Y17PF7OF,2010-07-23,Credit,8198
34488,76902,A55,1P4651LM,2010-06-01,Credit,3169
12217,87282,H65,MU2CCH6Z,2007-12-15,Credit,26912
36920,59460,H65,XNEVLXZQ,2008-11-20,Debit,7538
26025,68449,B11,4K48AXH7,2010-10-08,Credit,11245
24826,79139,E99,M2FBAPE7,2019-03-10,Debit,3101
39514,62856,A55,6T6KXYSQ,2005-10-16,Debit,7292
12970,62124,A55,RQ4LL3SB,2001-08-27,Credit,6701
21905,72265,B11,NADC441O,2012-09-07,Credit,4378
22544,50339,B11,WLEG3R7Q,2021-09-08,Credit,8133
23327,74867,A55,21SAJJI9,2012-02-20,Credit,11113
16363,78368,E99,VBCEP1N8,2004-12-04,Credit,10987
10447,61156,H65,MDVRD4YX,2014-09-17,Credit,4965
37580,78917,B11,I0ZFOQIB,2018-06-13,Debit,12522
36403,79292,A55,OZXIUMJR,2019-09-03,Debit,1231
10948,83475,B11,HAZ2P7JZ,2012-05-20,Debit,35672
24261,80928,H65,EXSE6XOM,2018-11-20,Credit,3409
21914,62783,B11,F9K4ZI6S,2006-04-16,Credit,8386
23688,78241,A66,TDZ6XBVT,2009-06-16,Credit,11705
27488,86034,H65,GDVNQWOW,2018-06-10,Debit,9401
16743,69292,B11,3QSDWZJP,2007-10-10,Debit,4309
31772,80704,A66,XLMLT67K,2020-09-26,Credit,5341
17765,59369,A55,ETHK74EE,2001-04-11,Credit,13193
15920,77151,A66,XOOKXSUH,2010-10-28,Credit,27546
25378,79694,B11,PJNFBID9,2003-09-04,Debit,3876
11936,64574,A66,7OSSOKO0,2021-08-02,Credit,4481
35110,56202,A55,62F2ET30,2001-12-06,Debit,11259
39230,89340,B11,D9GLXKVM,2004-04-19,Credit,4220
20293,79365,A55,O9UDMEB1,2022-07-17,Credit,30712
24414,54323,E99,BW8DAOE6,2017-11-05,Debit,9616
31720,78146,A55,51I43EAE,2021-12-04,Debit,9367
25127,81853,A55,FECNQVIV,2012-04-21,Debit,5335
31067,62351,E99,FI1EK5SZ,2017-04-24,Credit,22242
28681,65849,H65,NAWIXSYZ,2013-02-26,Credit,22237
23088,88414,E99,799XRAI7,2019-05-04,Credit,11612
15932,52629,H65,32RZ2WUG,2010-11-20,Debit,4329
30102,74553,A66,ECO2XLG1,2011-05-24,Credit,23108
25895,79747,A66,42SWIJMG,2021-06-08,Credit,10144
12671,89473,H65,BM84VP3U,2009-07-20,Debit,4777
21754,64977,A55,JBOCM3J7,2018-10-11,Debit,11735
19978,50832,E99,OHIMXW0S,2009-08-16,Debit,7583
24423,75595,H65,7O1MS8HG,2018-02-05,Credit,5010
37184,74633,A55,P88ZCRCA,2000-06-12,Debit,2507
10435,52204,H65,146D092H,2022-09-24,Debit,12153
34995,77974,E99,EC9WEYU7,2019-06-25,Credit,6598
17741,74786,B11,8IPKL2ZY,2001-12-09,Credit,7157
20744,74898,A66,YWUSSQSA,2006-01-02,Debit,4486
25512,57742,B11,KPDV2OEH,2003-05-12,Credit,7628
29364,50234,H65,84QU4TKQ,2022-03-03,Credit,7595
27555,57263,H65,AFA4I5RI,2009-11-05,Credit,22562
23022,84102,A66,2U0HA66J,2016-09-10,Credit,5460
29608,62709,A66,M6F1LQZW,2017-06-15,Credit,24545
38845,58150,B11,SM1LALQO,2008-03-10,Credit,6439
22943,69029,H65,FWULS1RX,2000-04-14,Credit,31025
36381,76249,A55,E0C48B93,2020-04-13,Credit,6809
29767,64451,H65,NB1HUG1W,2016-09-23,Debit,2593
12417,64140,A55,EBH409DA,2012-08-11,Debit,6017
23146,64782,H65,JGR3MJJ5,2013-12-18,Debit,21579
35706,58314,A55,DXKBCDBJ,2015-04-15,Credit,6953
38917,81126,H65,8H6C9D56,2022-01-04,Credit,8769
23607,75716,H65,5239H9KP,2003-03-28,Credit,5797
16692,52698,A66,BC97VCKZ,2013-07-08,Credit,40841
14996,51582,A55,CBN9W4HK,2007-12-25,Credit,35617
19725,89418,H65,63Z5PI42,2007-06-28,Credit,14888
20316,70196,A55,5JTPH6SM,2001-07-18,Debit,8419
27336,77410,B11,30326MGS,2012-11-14,Credit,10213
39527,81790,H65,FVLBWRU0,2005-07-28,Debit,4014
19971,76603,B11,4Q2DW1LK,2021-11-09,Debit,12480
23636,72216,A66,K67368WG,2000-05-16,Debit,5998
20070,85761,A66,R59RP8L8,2003-01-12,Credit,7728
32908,54286,A66,ROYNUCDZ,2006-06-14,Credit,4459
13720,57796,A55,AIZWJ0ZC,2002-09-18,Credit,8787
38135,83855,A55,POG1HN41,2001-10-13,Debit,6216
15044,82022,B11,MRB37AQ3,2018-06-28,Credit,7680
29131,78768,A66,BUETK3SN,2001-11-11,Credit,4231
22307,52699,B11,CRSCCPGC,2013-04-06,Credit,7144
33266,55492,A66,E1VYV50G,2007-08-20,Debit,13792
37599,63448,B11,8VLKTUYC,2012-11-22,Debit,13383
17415,85662,A66,3S6MWW1C,2001-11-08,Credit,4050
28366,51486,A55,I8I2VDNO,2020-11-14,Debit,6530
29465,62360,E99,2RWKH52Q,2001-06-13,Debit,10483
32936,59632,H65,ADEZ23TT,2013-03-14,Debit,15759
12003,56227,A55,SLEMLVB8,2010-08-19,Debit,13354
26099,75943,E99,2HF4WWE4,2001-05-28,Credit,21615
30833,78198,A55,W5BG9PHS,2000-06-07,Debit,18832
38979,66863,A55,Y0SUNRA4,2016-08-07,Credit,5417
32963,65774,A66,DIAYN4X1,2019-06-25,Debit,5449
38130,68815,E99,B5V8UUU7,2001-08-07,Credit,4084
34698,82430,E99,6XW51XY4,2015-08-08,Debit,11393
14009,52250,H65,37968W1X,2007-01-13,Debit,17753
38719,79028,H65,6FPYA59D,2003-08-20,Credit,14711
39386,52590,A55,GM331C33,2000-05-23,Credit,2103
20887,81391,A55,6BZQ0L17,2003-07-01,Debit,11216
11638,67767,A55,E6AYS1LY,2004-08-02,Credit,6088
25646,50370,B11,R2Y6ZQDQ,2008-12-16,Credit,4874
19476,77538,E99,DCQHHNZR,2003-02-15,Credit,13386
32986,58088,B11,NEO32Y34,2000-05-20,Debit,9226
13369,61843,E99,WT1IPJSH,2012-05-27,Credit,17014
35529,69266,B11,A4D1ODKU,2003-06-04,Credit,1962
38157,80983,A55,5QPBNA5A,2005-07-21,Credit,7514
19781,84951,A66,N5CV9PQZ,2005-08-23,Debit,4266
34758,86254,H65,GBKCYRUV,2020-05-28,Debit,14982
28013,76433,A66,I6E700PK,2001-04-15,Debit,17250
33240,55920,H65,JZC8CPUH,2009-07-23,Debit,8716
30592,53139,B11,7KGQGH0U,2011-10-28,Debit,7471
25760,56433,H65,WUAVR9MF,2015-11-09,Credit,6393
10860,52449,A55,N81TXKC4,2014-07-06,Credit,3030
15192,51768,E99,O14LX3QB,2013-02-16,Credit,16433
31605,74246,A66,I3MZ2934,2021-08-26,Debit,6056
15839,51140,E99,GC61L6C6,2012-10-05,Credit,1431
28815,61889,E99,Q6GWDCO4,2012-08-21,Credit,9007
34902,87947,B11,044T5JDB,2019-02-02,Credit,9046
27020,80771,A55,0DNYS5BH,2002-02-23,Debit,11549
23051,88360,H65,F4GX3A6H,2020-01-02,Debit,11103
39484,89353,B11,S9HF4VYD,2008-02-17,Credit,12630
36338,83832,A55,TK8TQFXV,2020-02-05,Debit,2313
15427,63896,H65,74LUF9TD,2016-11-28,Credit,2159
14552,53381,B11,PC9C4BMD,2018-10-18,Credit,9484
27345,70465,H65,YJRPHNQO,2007-02-28,Credit,6718
33945,73441,A55,1J0WHW9N,2014-05-23,Debit,12063
26091,85186,E99,O60TVGXR,2002-12-19,Credit,14202
11093,82609,A55,JWOCKVSX,2008-08-18,Credit,22048
36053,62291,A55,9HFEUKIW,2010-07-13,Credit,2834
24408,70368,E99,WZC5SR11,2012-11-28,Credit,4239
21104,55324,A66,1M6QDERW,2011-10-21,Debit,3548
34921,64792,H65,96DNA7TN,2013-01-23,Credit,9838
38142,58139,B11,2989T92T,2012-08-08,Debit,11882
37756,51409,H65,N7XP5EPG,2007-12-24,Debit,2347
35492,59744,E99,T2QPTEUF,2022-01-08,Debit,5172
12089,57414,A66,RDURJC38,2005-08-01,Credit,5175
20390,68740,E99,AZEN7Q1J,2019-07-03,Credit,27383
23316,53336,E99,FZFRMBUV,2008-09-13,Debit,6481
36839,55970,E99,4H94QD5Z,2020-01-16,Credit,2657
23286,51954,H65,VAGKGU1Z,2018-08-23,Credit,16084
34167,56221,A66,R03RI9RE,2017-07-12,Credit,8150
25278,50783,A66,TXQJ3DDM,2014-03-11,Credit,12178
10178,58473,A66,M8V0UIXR,2021-03-07,Credit,2284
17999,80803,H65,51DYP5KO,2011-09-20,Debit,13157
11320,63788,B11,DK1UULX1,2018-08-06,Credit,11732
33747,73325,B11,KPLBCEWB,2007-06-18,Debit,7551
39603,83099,A66,29UZKDYD,2015-08-04,Credit,5490
35844,77747,A55,NG4LI4A3,2000-05-15,Credit,9746
34450,77393,A66,MAJPAM1I,2002-03-20,Credit,2381
36149,60321,A55,C1VHLJ5F,2004-08-28,Debit,8635
22183,87714,A66,V07XWSD8,2008-08-23,Credit,10645
22283,58567,E99,KLYW3J0R,2010-04-07,Credit,10567
36037,89242,B11,UGKFVEL7,2021-09-01,Credit,7095
34761,55287,B11,EG8CBSI3,2013-04-15,Debit,5189
20980,79114,A55,7DLCWE8Y,2014-08-23,Debit,6363
31625,70137,E99,3OHKXX3P,2021-12-23,Debit,17192
16590,82867,E99,COV1XPCS,2019-05-27,Debit,6351
27011,89062,E99,QFZQ9Y7H,2007-08-28,Debit,13503
25478,77956,H65,MXAQGDC1,2020-01-22,Credit,9474
21070,76510,B11,QWODKPTL,2014-02-19,Credit,17901
35264,51558,A66,JZ8UZP3E,2008-04-09,Debit,15831
33997,77325,B11,K968P28U,2020-07-08,Credit,8580
37150,85950,B11,TO4JFV11,2014-02-20,Debit,3038
38873,65225,A66,XVV7DMN9,2022-07-03,Debit,5875
12176,57947,A66,ULOVEFMX,2001-09-28,Debit,10649
37018,58951,H65,202B3SNT,2022-06-14,Debit,7849
31386,72274,H65,6PFWAV7W,2021-11-21,Credit,4811
27537,53869,H65,F2VG2BGG,2004-10-04,Credit,5207
27216,67552,H65,5I9FL878,2010-10-18,Debit,16898
12926,76261,H65,XUZ426UP,2003-05-01,Credit,6266
35729,60197,A66,OSWZS90E,2020-08-24,Debit,26575
30815,60231,H65,81INBUOK,2021-07-13,Credit,2725
29416,86660,H65,9L7XY21X,2018-11-04,Credit,39295
23818,57229,A66,95XDY9G0,2011-12-02,Credit,23710
20908,76230,H65,U9B1O40V,2002-02-14,Debit,7359
38349,75249,E99,8I1DU7A2,2010-10-26,Credit,5744
32469,52418,H65,HO1PUMAU,2020-10-09,Credit,6212
31270,67547,A66,A6QQS2KD,2004-06-14,Debit,8538
35233,80775,A55,3IW50H03,2020-01-16,Credit,10044
17852,63001,A55,7KIMWH3Y,2009-06-28,Credit,16256
37875,57816,E99,LJGHXYN3,2003-10-02,Debit,7027
38037,75749,A55,C4U1QG0O,2013-01-17,Debit,7064
33978,74408,A55,612VYX2Z,2022-08-16,Credit,6084
37254,64055,A66,4CSNWI3G,2016-11-21,Debit,6196
36685,60029,H65,VZSYINF2,2020-10-17,Credit,5714
11274,61353,A55,ILQEFSEN,2018-02-18,Debit,2914
31815,78775,A55,8XX4L4S5,2020-07-16,Debit,5757
25455,63650,H65,245MJDWY,2001-05-27,Debit,14894
21912,83869,B11,71J0JCQ2,2014-01-21,Credit,3260
23513,89505,B11,9V9FIQ54,2000-10-17,Debit,22726
11280,74220,B11,D36Q0TQL,2002-06-27,Credit,19038
