LoanID,CustomerID,Loan_Amount
UC9DAU5R,54130,4011
NPIIEV4O,71256,3622
W6NYNMW2,74346,16477
95BPNJ99,73547,5523
3XWS7ISR,52411,4873
XTAB753Q,82688,15374
0DUJP35U,53722,4213
TZOKLTX5,71071,8710
03R4TSDV,53816,9731
JT5ER6FQ,69453,5331
EE7BQV7Y,88431,2930
DR32WOA6,82402,4013
TQVD752A,59651,6613
DMXOC0WS,86596,86984
GFNIJWJY,52619,3498
L2041K4T,78137,6089
VUSJAY0K,84121,7973
ZGKG5V8J,54843,3885
44CHTY4R,66497,847
N8N4V6EN,67898,1894
6QE1PLKD,88934,12897
VARVESV2,63725,59456
Z8O9S9J6,52046,2672
90WF3OK8,60463,3769
CW2N087F,51626,35075
TOVC42OI,85580,3226
CFXF0HQ3,82486,5542
D57WDV0U,70742,8009
AS5E72HL,75469,10992
3JDN5JA7,66177,7597
J35RXFUW,60181,5261
FDG166LG,63801,21012
XOF0JHEL,72403,6381
9ON2Y2LD,54487,19400
UVRCE02D,78024,11199
LJXDXBB0,85753,1767
S4M1W7F9,79017,13807
TNKF89ZK,53402,2008
1HZJYX31,84092,16995
EXYZE8IK,65012,10803
4VWDUGKE,86280,5112
2T1J3Z0Z,85804,1354
8NGD7OEX,76362,10396
JT4FPF2A,53831,22844
9IWFG0PW,71334,87993
RKAVFLWR,57221,13402
O89WXEA2,56308,30829
L19QLBO3,76728,1334
9S78ANYY,59181,4364
OO2KXLV2,81297,3196
TS48E54N,62496,4249
6HMQ52W6,80597,9726
AZ1ROL9P,80417,4563
88QZO32O,66346,56888
5PLQM6SQ,59304,3245
GW9HOEK0,51236,11259
3RL3N51E,62455,101414
8DTUFX0C,87263,1556
9D8NUXM5,82361,4769
9ASDU29M,62042,9156
IH6AFT54,75522,7705
AYCJKTS6,75979,2616
SPS7P0XZ,77053,27486
P7DV6EKN,60963,379
R8VVEXRF,72008,3386
N6Z33IHR,55094,5910
H3A696MB,81418,36614
PCZIENET,67401,16805
6I9IVNN8,73775,661
3U0ZBA6Y,88145,2610
7ZOUJN99,63407,35476
B102SJQI,67945,4885
4B4T6370,73768,19074
028W5FRB,76813,7181
7GHYUBU3,67216,33778
MMFVSAYZ,63936,16238
L153I554,56803,8013
MJQYZNQ6,62605,9822
H2FL41XD,71453,13568
T3HPMM1E,52720,6130
H5YU2QCE,84977,2333
6ZZ3HPCF,84350,3997
F1UGGHKS,53255,6069
CGYRKG0D,82992,588
BKXDICW4,59695,67395
MP0VFUXK,84379,4013
PVQZ3333,56814,32787
YZ79GSQU,62997,12216
FS11IILY,86569,29443
070TK6FP,69907,9760
UNP14IPP,69398,4253
30Q677IW,88513,11333
7HU8XXKE,88496,16736
2RAL348Y,58753,1802
9S5KEH6D,86019,26499
W4TDF0VS,66323,13960
W0DUN3J9,67602,7736
S89BUECD,78057,4523
WZA6SSSG,80838,16383
OA8LS410,59468,1238
ITMC00PH,52856,2428
YM7KTQEW,75113,7322
5CWEIAQS,74293,2961
FZIY9FG3,58323,122209
20U52RDB,66941,6936
JX36UHFO,84794,10300
NJ3IPR8I,64892,4765
R2S73J4F,77492,16530
LP0S39AG,89117,13045
FFR8W10I,72871,5214
1HJXB22W,83495,11279
KDY5UP1D,53534,6349
LJBKJXFA,65416,7632
HMHG9ZEW,69309,4441
FPGKXSJM,57812,2580
5GVYSSFT,68466,6231
CQNZFE1O,81639,16806
5X4W5O4G,88285,4060
QH53K8MI,80311,21616
OMQRFTHP,80709,12774
6QG0V3EX,52354,6484
IINJTYZT,69623,3997
85HH64UQ,58990,583
G7Y410BV,80071,3600
AIC9LQ52,55912,14442
UCO21L89,73103,25508
6D5FRGY0,77744,3617
IL0R6DVQ,61496,42672
BGQT3RGM,80049,13151
CICGA17J,86095,7172
31WWC87Z,50222,24490
VRKJL3ZT,82787,8645
18U83QD0,76424,84030
0ZS4VMWC,82924,4336
8X7RGAIZ,60056,8953
QXP9JYON,63931,28242
ZWDHRNK4,76090,13073
JJLNSGV2,63561,6587
IVGIK8CP,68939,1036
OUHFERTV,57143,4012
WV2AX078,82071,3338
UQHM3L7X,50505,21402
FXOLYMRJ,83050,4684
CZSKB96P,75212,11788
4SG5GM1R,52265,4167
KOLFQSJ6,73427,7885
RXOWAUYT,63336,2751
GBUFAMYE,67057,3289
I0BER343,51496,49233
F5SLWIEC,68867,911
YRJOGKLI,82598,15966
R2T8XKOV,59134,2549
01SJIASI,76290,6561
XNU1UCYV,73888,11702
PI3ZBEGQ,50506,14160
OQ52T8L9,89710,12772
O7M26H0X,72963,6931
3URIPMA0,52677,4250
CDEJ9UUZ,71689,9419
G18K084Z,64422,1361
PDMQR0MQ,79098,15604
YU4KDX5R,83082,31669
4ONDNLXP,82086,9047
X6W7NIBA,75109,4609
QX1LKSMF,70249,6428
Y90C5T62,61391,22920
NIO2Y768,58212,21550
D67LK0E0,63734,7942
5RSPOBAP,60994,4102
QS9TKZX9,58931,1363
06LCAA6U,53435,9827
ZBCAIO76,77497,10800
DH5GY5L6,61861,35710
UBE6VAY0,63643,39247
BI2MBK0Y,67957,1297
RPL2QVDF,73032,13796
LLZ5W5LA,65135,15209
L52K33DE,60456,18913
W83VY8UJ,87431,9578
XAUYC0GL,60861,11322
XYPRYP97,83433,4943
P96J3ZWI,60150,6009
ZQHADVEM,63685,12655
WW7IL61X,54508,11554
XLMHRLVX,64667,13828
S95F1UKA,78837,7744
MNBF24CA,82672,15814
IITH13MY,51337,7948
BPSIB886,70626,5904
GJX3O75Q,75711,29641
1GCK2DVW,89943,35395
JGF5JOA3,59082,2951
2MYXT22S,52352,3149
AX8UL6UU,56508,1455
F26K48DZ,51806,13274
MD6WF9JZ,50947,33232
OUQ1FY3I,82698,4982
9EQCCVAX,81259,5296
G5H165W4,81226,18186
205JCSB8,59456,17959
LJUNKDJP,65549,7417
AGRODKSC,82652,14278
A7W1CFSJ,77130,3877
OX4DXZBK,71952,3568
04ITZT86,65329,14053
EBFGZJZL,69775,4887
W6CT8IT4,88298,6329
WC4LEFR3,59905,20504
FTC0SYZS,57028,46790
JGVBELZ1,66380,3061
XHH9G42F,68612,8031
QJYDHBGZ,61069,13168
Y6XIXPSD,50264,2224
GSVZ9AR6,51854,748
ZGVJ1K1H,54320,7129
Y7E7LFIB,61766,4476
PWY6PV5B,86510,22440
8A05JPMX,78938,7815
HI5K6OTX,64589,2245
BPX3H4C1,65139,4538
NCHM6S1O,77351,17808
W3BXDCW1,79185,2991
NEFA1SN3,52900,1053
7HHFC7I9,77862,16247
SZXSGO2N,74331,20334
ZS4PVWD3,88297,998
5TKXEU0N,60962,6933
REY9A7WH,67132,12270
200OUAMR,84163,2288
TBHIIN7O,73791,14830
3SVPZKHZ,61655,2256
TPGMQUMJ,65985,7016
SFAJWGRW,74866,30276
9DC2FMDL,53610,7161
N6XF7IRT,81711,18433
5EESTXVT,75814,4725
OQ9BDJLE,89845,9636
U3GTGI6S,63117,2436
TOIOB0MK,57271,16456
2PME6KYR,55554,2864
LRN6OVTI,70842,7964
4AKRHXOH,63493,4424
N60DI4PB,54133,3708
415217AT,61881,28538
H6BLCROY,74555,10569
TJFUI6GT,83583,1807
0SOL7TD2,83098,1931
V35E35GP,87862,1603
2IJ804R1,77783,32303
MAYJ3HLD,82723,3448
CYC86QP7,68181,2236
J79TRMRS,86504,6721
MPTVZDX0,86408,17343
VJ67IG2Z,50260,14614
X0Z2B4J1,61330,25896
97VKBA2A,84792,36234
KB0WW3C4,86270,22873
QH5VQF3I,76218,40812
6IKQVAP4,75899,10137
CY68NS5V,58109,14453
EEVS8F5N,55321,10947
WYHQPOGF,56758,2345
P5DP74ZY,75669,17710
UEK7ISO9,76484,2529
VRB6TXVN,58380,184
85ZIZMX3,51755,7117
RY86JH5H,61350,14322
VD6BQL9Y,71973,2315
V3ACGO33,70892,9286
RTUGW5RT,71102,7734
GOX8HEL0,66247,8524
5UFYCZ1X,57842,9525
8ER8ON1B,73038,5650
9IKJHSFI,55181,5474
5J5QU5IU,79199,10139
D39N9C5K,70254,21715
MD02MK3B,54010,5918
PDZ1QQM7,70287,4424
VT10AYX9,81705,21596
49CVELN1,77883,44939
A098LBHA,88097,4912
PW8B5BHP,54975,5245
U96R1MEY,81196,1989
F8DQQSGK,83696,7215
3T9SNW3N,61240,2325
UFY25P0C,84795,23458
VQDW814Q,52353,6578
SORPLCGX,70454,37433
9KFZ3QWL,84290,24162
L1FCP05A,66472,3679
NZ5Y3C6J,84448,1205
HLIMSGV9,87487,35264
FTH9A6UX,67717,14275
T7LG98S9,77513,6604
FYI62J8X,83318,2813
N8INFF0S,65283,4567
7WK7HEGB,59782,5284
BRDCDYVI,75789,3506
P0VICSXU,64019,2645
WX4L3BXY,59379,6080
G258MZTV,54325,3759
JNAE734R,84658,6485
PTIFSWSV,69581,17091
GYBPAU87,76516,18716
LWQCAMJO,75150,4191
Z1UF6SCG,57722,9424
D9TMB7S6,65326,18062
KAYI1HVK,68405,8432
VRSD5D1V,55400,2008
AYIUN7GG,84112,4430
M7OF2ET1,81091,8377
7BB989J0,66090,5798
HQ1TQUPX,87701,2300
H79NBO31,52627,12755
4P0CD867,85822,5119
Y7FWE2ZW,54480,3335
2O6R8IDP,78076,26540
W1TNKXNA,53083,4402
02J5VA37,54520,2951
E7MHGB2K,50765,9525
6RE86IP6,60532,1444
LP3BJLCS,52872,8153
39CYU237,50849,20372
UQ0VWEVA,86002,5687
Z96PSY11,73098,7855
39Q25X0U,55028,114349
OPE0JASK,82624,3984
5IOIXUQE,83953,5768
MP8MKFHK,88381,1945
EE67T8FU,64421,2961
XALZMM10,76404,27052
S3I89S6T,53062,9904
6BHXCDZ2,89115,6180
JVL3KMAC,56667,7307
SU9R4G42,69124,3529
GXT5VUJQ,66139,1446
7H2AMRN4,68447,15534
JVC9324H,61331,7118
1JY8WX3T,63285,58827
W6930EY1,60681,6270
WV1BVFY6,64912,33151
12GQ3CC6,85394,3974
GHR9NLZD,53258,16291
9BUTXWID,79167,66916
BCASB22A,84151,3209
YZWGGN9A,58623,15291
PPW3W0VU,79568,14398
WVGVFK35,65741,5891
UD098HP0,71498,2477
HNP0IGX8,67495,1103
BX773S0C,78998,13447
2TRHAAPB,84909,23663
XFRXU2QW,74043,31004
PUWTSX2A,74382,47396
AKB7LE6I,81700,4858
9U3JFMYP,66897,28184
2J03PH0J,62178,2481
JFMHFRRG,81537,2167
UV850JSG,63187,14925
Z3E3AVEI,83656,6401
NEQ42KHX,87524,13862
2C5IXCBO,64630,42464
YKP9DBLN,77387,5698
74APV9DG,61473,4172
QXPTVDH2,62457,6486
Z6OIPU2I,69780,11794
73OH3KKR,67630,1897
1YEYO3T1,79632,5242
JNRIJL5Z,76363,4996
QB55PQM2,80529,23290
L82I9YMU,69406,21352
IP546EV8,61301,17616
31Q0GI6W,53936,12167
BAGCVLNF,73652,28714
7YTLJUZ5,77080,9141
9RQSMWEM,80175,10569
164536F4,51223,7266
8G3U3O7T,73497,2518
5JJW1L3Y,88529,7398
SJLWQMS0,56236,6464
50P66P63,75745,769
1EMTK4DX,79752,1116
H1TDRJZC,71856,1801
DVYTJ2HW,85577,2277
18FOXSK8,51783,5385
17UK8ZUQ,89460,8445
W6GJ5NQA,82847,6549
O49FOE2H,78053,15233
WRFJYX3U,58127,3166
PNUD991W,73309,4078
MBNW2WQV,84366,6394
U43P85LA,72912,25309
32YM35G5,61450,7345
DV4U0J1S,77851,8442
DGOM2N4G,84167,27294
9O3VB7V6,79125,27275
DPB1YAXP,73598,11975
RARNRA88,56108,6801
F0F8S67N,52283,13102
TAKKY5WP,76919,10935
OG8LXNBN,59926,5317
HRBY5FBB,54619,3762
24ZB3TSC,50227,7438
E7W1N4ZO,75271,3718
1RGKNGUA,61552,6722
3AS8P2KN,56415,59175
U46VJZVT,50915,28810
L92ESRYK,52454,3346
1EC1O19I,84963,3065
3FDYNPBZ,67837,6661
WE3L0GMD,85091,7592
V27RINMU,86632,7525
FB5210XB,64681,6930
MCA3FFPE,63638,1853
BFOEJ83Z,51365,3116
5H0G0TQP,71688,8634
TMVXEW4J,71007,5464
SM90VP30,80816,13122
LEKPOR5N,89896,3574
51T7ZL60,82309,1757
FDOCXIZO,55116,4858
CARI83LJ,66209,4868
FNDCKZ4N,73545,356
A7C314Y2,88450,18678
7HTGK1Z4,73935,25818
UKA842ZZ,65943,11276
S8EISU6C,69615,9843
X19GF2I3,89484,14371
O2WCQSUP,76875,5515
2ZMUGNEB,71318,12935
R2KHRKBL,56389,14270
NCY9D64C,71538,53577
5JZ9WGMA,75060,11430
VIWPO2IC,74143,2976
TO1MBK5U,77038,6221
YTYFRDKS,88341,803
PDHLKVLX,82635,8516
06309AAY,76333,5836
AZDQNVTQ,55807,113055
KXKW8M3U,63450,10068
DU5BJNJZ,85069,18441
ZS7GVMVF,67183,12613
U39HX7XB,86276,10773
GWTGE1ZU,56834,2344
ZK245M6H,62341,4183
NNRB4Y31,72753,12533
3DORAIU1,75353,26928
8YM7N3V3,88321,4001
5SX7MAFU,84398,99326
WY5V6090,66115,37042
FYY92ZTK,68054,12912
YTL92LYT,65614,18118
4RW8AZ9T,55618,16353
R9Y0DLQO,75420,7373
O3SMPN09,81968,1672
I7JIJ17L,83075,7350
A6OGJFIL,66525,11900
W6KFN2FF,70639,12338
V0CFJHXH,60170,19307
GX0OBL02,53344,5507
6RM1DMTJ,65107,9481
QXL98UMT,79079,14537
KZ9TLVKQ,89342,51445
CVYO9Y42,77436,21603
K8IRTA7C,89622,5106
2QNFKHAD,53174,2539
O0WJI4IU,68464,13200
V49M8LVG,75488,10869
6YWAJY33,52298,4416
DKTI826P,65864,19110
VWRM1L0L,63459,3822
T26UD693,70396,8527
WKYL3Y4X,77274,2822
VOLLPBZV,85952,6463
EQ2GUSM0,76669,2081
EC3XP74W,50440,8193
8HLHX2BM,65671,10922
QLZA8RRQ,61181,7052
QHBCSASV,60951,12883
OJ9IK5JK,85895,10791
2U2DG6HW,55474,5950
EDS1XSBL,51530,2990
GXF9704M,75652,5340
X5Y4WN5G,55522,6958
CVEC78AA,63878,9004
NNVT2HSO,81597,5453
D7TWHSQG,80142,4463
K3EI4KEM,73698,7607
JCS8XV7M,54645,20590
5SYR3LE7,86606,23635
TT7UHOFO,58018,15872
7SZYNRSD,53698,17576
SC1USPBM,67435,3137
SPV42YSZ,57139,7030
KCEQTCNX,66944,4978
XGNFASJ5,59052,5990
43P85L7F,74070,5227
BN6BF6LM,71847,10513
1918ODD4,82614,15031
7W01E0UY,62610,29164
A7U3PBQK,53932,9002
Y0T3RJ0X,80496,3269
H7R6LS64,76985,6092
KRSOIBDL,70513,18874
1KG2GS8G,88428,32508
TT4REB86,68451,3620
S8OXU38F,65865,12514
LBD5AXZ6,53138,8843
AMI8UFER,84126,7937
LMPTF7LV,77958,3740
U54E8XXD,86353,7110
3N6SVFA7,77758,3160
7VP8W7L6,56699,6865
HZFK7OMZ,81487,13009
B5BKXA9X,87342,28048
Y3IJIRTG,85795,12948
5V296VWR,78978,14118
DCFD6WNB,87304,14030
U8E3SO0P,82523,5584
4UF22PHF,82004,19975
FA4JHLP2,72130,4418
OUC7VZY4,61192,37759
5H7XKAZR,58599,4250
XDOO1R4J,88952,38465
ZAEKO8J2,84707,2312
37O5ZA0D,76106,932
KDGAC8Z9,63032,13951
1T17KJ7N,79510,20174
23XS3LIY,66639,991
GM353NK5,60464,8373
2T7CJUS7,82756,2608
3UJU62WU,58294,1500
Q38M6DXZ,71132,12577
6J1G5KFN,52225,18645
40DCFCEP,84570,3816
9YPSRN9R,62376,11877
W12O7T34,80139,4372
PKKJ95N2,89594,4109
P98JA811,70706,2015
PXPOB4IG,65240,6667
6ICCVAJ6,70145,948
Z9GZ1W1Z,70623,15361
8AM3H08K,70873,6296
ZU0B85E8,79160,8434
TRRI5VNF,51491,37484
96OV4652,70709,4223
0EXI044Z,69599,8215
F6Y8S0IH,62004,7405
EXX2FV26,84094,10947
K566R1T7,69823,25166
VCV1RQVE,72076,5486
SXYWLOBU,66190,2536
S7AAMQLB,54178,14939
ZD1YETYO,67904,45975
BI0K6GF6,50956,15962
HU8Y6D7J,75393,6974
SFTORBDH,83989,3948
H2DQMMZ4,78951,28151
JG0Y8MZY,52021,1875
0BH39QHG,85846,6931
61OG43L0,76252,4051
2J10I8L3,54016,4844
7WX34UD3,63162,3086
SVS9DRNV,68593,18744
MXOD5I6V,54799,5738
VVPNROZU,79134,2885
CU5EJ6TQ,73386,17897
EOPQWZRN,88463,23720
NFERPESP,55624,10327
7YERZQUH,86174,6893
ZRZNC742,52369,7593
5EFNC7JH,71393,1871
CDUPCTHO,74129,7721
NSRW70JM,81972,30295
GIVRSLF1,70786,21296
EXBUFENI,82350,17529
S7FHZIGF,82281,2128
XFDUJGJG,77407,14154
CNBXTY8A,69277,21285
5E6S1BR2,85680,35572
QUPP0GCE,54059,33749
B1HA42KQ,51998,50167
SLR72PVG,83284,15008
S6LBDS20,76654,5343
V91H8L2P,75009,7462
H2ANDY3T,89697,6710
TETZVG8D,64567,2219
KBW7SOTV,58625,24449
O2N21I5N,73924,5582
56TECMXN,82840,48337
MXE80CSP,64225,1417
L30Z1XLA,71616,19172
RD1MJYJ5,75192,8156
935QGBWG,85130,19196
4OA7WHTY,51485,7004
JQROZPKL,60543,12094
7HWOM3A5,60268,24794
DCGO0MWF,50537,13322
Z0KSX6ZU,62290,18789
WJ10DZ74,59996,6768
8XQ9YT38,72073,26694
N5MYNDYB,88358,7826
UWC07FDB,79928,12522
UEUY5Y5R,61773,1685
W6V0BJ8B,67817,8763
JT0B6LOC,78606,17628
T4ZIJZPM,66011,1869
YVJ7RE81,65305,52836
FI82G6I8,71038,3460
5BH7TUEM,59007,2862
00N42ILZ,65301,6408
IFSQ2AYH,53127,3682
8B6QBTW6,70699,1926
YGN7EARM,58847,9558
MI8ATII6,58646,7461
CKYBLKL7,81765,20008
041K8JEP,67311,4604
MC6QSQ3H,76956,6213
PZCZ4066,87582,9577
7XYPJ1BC,81410,48317
AJ53BEAV,52602,4600
3VTLB4X6,55632,21849
S75T57KF,82148,4291
5F316W45,84224,2489
B5CC7XJV,67182,5300
EIKSZFCY,59985,3881
7VMEQ9GR,88345,20813
LFQIMC2C,56019,11939
L64DAY72,72714,5717
BRW74I19,75858,10180
0B5WXHFL,77805,8538
EE69YXCZ,63061,4534
EUMMUX6U,58448,11718
4RAWBWUV,50982,11790
NSF4JXB2,56333,29439
Q52U8TLZ,82311,5321
SP3Y19H2,80599,2087
DEZ2UQEC,71203,19089
EQMAJRR9,82335,45171
5TOX6SRJ,66050,434
26OD6ES2,79439,15189
RYLCOEKX,57006,4386
JKAY14QL,71878,2478
QGBG7JJT,70968,19291
YPXOQIP7,59586,7195
EPTK6K6L,76653,6544
Q1JTHD6O,57367,5800
JZDF9ACV,73704,8147
SGH60JRQ,64946,6785
DBD1LB3O,85349,17654
NOJA3Q1S,60822,45123
STOM7LG8,83343,11264
TRTC6ZC0,71448,6275
P7Y35FV5,50999,5614
17Y573N6,67258,31924
G4IYHOYM,77694,26195
189I5O6V,82330,12602
NQVEZES5,85011,4610
I195LDN6,52472,11984
0BXYHZX7,56764,12616
Z3UWH80A,77853,9029
YOOOC39I,65040,4614
BXEY6FOY,74386,8719
P8R2F8KG,57546,2089
QS6TX26Y,74035,14826
S122DBAR,57296,19359
YGBPVYAB,50686,1718
VOIYF3F3,54906,24679
D19KBLYJ,82038,8837
ESY486P9,62048,3533
NYP7AJPM,81493,19931
O47OLZUI,63750,10664
D9O7U89S,87562,4219
1Y151OXS,83432,48149
DLG3CC21,70404,9819
O03M0N69,53590,5321
MZ7V0NIH,65410,4622
J4MZ0IL6,88156,9578
ZQSQY8RC,67774,17210
PW3B6PF4,50441,4093
BDYN65UF,82558,15441
DEDOLTMP,79887,10137
GOBU4MC6,78123,3865
F957HOQY,89223,7495
HVYNSKVG,60635,6488
O1W38V4Q,58622,3556
K5L4FG6Z,55438,5156
HJ09ZV5A,80674,2474
2IWYZKTU,69627,41635
ONMEN8CW,84177,3224
D8CH5M6Q,84328,423
WPGVBCYR,64748,4353
ZB61BBYF,87489,13335
6ES4JHZU,54961,2327
BF3G7NSW,50365,39865
LLGAW1QA,75408,2589
W219XVS2,72309,34646
HRN3Y329,55613,4478
6GI32E6G,86929,2448
DH1SX5VS,64838,3470
5QT62F4N,86831,50772
0QPPUSPH,50443,1858
YAWBKKJX,87362,12960
TNZ02HL9,75495,21840
J1J2TJEU,62252,36290
7AQZHE89,68111,6377
PX7F91SO,61742,43102
T9ZNKTXR,60724,1352
8RZBXOJO,86066,15046
8N8IU461,72992,4725
OGA5IWYE,80434,20728
COT6GX8H,74025,17604
0IJO5E39,65129,7992
0HU5J3GW,59145,718
5R7SNFCE,82535,12224
TLZ5MFP9,82983,9632
AX0P6ZC6,67586,3530
SHJNAGHL,61738,3543
5V350SO2,70772,2970
PP9W53RU,69154,2625
1KC9V3JH,70738,675
N81O7KNT,69110,8514
LUN8889P,57232,30907
9PGVO81V,57051,5814
ZPA41PYZ,53055,8003
R7LNZOWS,56506,20963
TBT6UJSG,69153,5183
A6D4H31Z,73421,19088
U4Q2DC6O,66750,9831
IFU4SIA2,86257,20311
205RV6VD,58462,3708
MZ6IJ3G6,70012,1552
CRCI233Y,88539,6783
8A18W1C2,72507,14174
6S0PX6XC,79106,1738
BBW95UOU,50611,29615
U54D5ZTH,70618,36078
RPZP3QT5,51429,59335
SB0AF85D,83187,7827
Z87T5JUQ,86975,5041
8KQ6TH3V,83039,14626
U1GVYEYC,87744,4598
HJD1MYLT,72816,3555
NVPWMIDO,85599,6241
55XIB12I,73840,36210
6ATARGLG,72641,3961
GA1MARWA,57920,6153
1KCCJE48,76062,8739
XFR43JFS,62276,2245
S2RSHA99,66921,38873
O5T0PDPT,73167,2363
Y4NPX7ES,56271,26315
O2VMLDNA,86309,25734
82E495BB,71012,4278
E2TRKYX6,60865,13515
85GK19DE,86976,15922
N423WF17,62213,3313
Y4P2EHNC,53677,56292
QZKATGCQ,80249,18090
VHMT2YFN,58535,19901
OHFZICU8,64049,8446
JWD4ZSRC,68733,2485
V5O6EEX0,65699,25863
DT8N6M4S,72466,22063
Y0D6JDPV,70882,4222
AGUZB1IU,69114,14922
H41SMNVN,73849,3876
X8B8EY32,76881,13892
WY50N45Q,79479,1515
RM9CCG57,85841,4716
6Q6HQ3T9,82429,4411
NP8CA419,67756,3953
JJVPOF56,79983,21300
QQ9GBYEK,57289,3481
Z56K9AN4,82066,28571
YHTJ1A55,66278,9265
YWVEQTH5,63647,23773
RX270ZJ3,68799,61594
EKQXD7M0,69699,3017
XAYWHRTS,85758,14472
CI9B8SZV,76615,8145
E9CF2UGU,72908,10883
E4F72UFW,73482,45322
V0FA6WXD,69015,13669
4NMO8ZFP,73379,5606
Z4GFYA7R,66642,3567
RB0T44MS,84629,5157
KVGYSO6I,50594,12337
0KXO4YAB,52958,4233
X6USOKLV,56628,1285
870DST8I,78127,6972
K0JEZ36L,79231,60828
1C4A3D0W,82713,9589
6OUQ3AI2,72334,13252
FQY1J1EH,85340,10961
V7IZI8JS,52224,7451
T84FZ0F9,77656,19958
0TAC91NZ,76525,4049
SQTTQMID,62207,30751
SXYTVS3G,59516,12145
F1M1Y0SB,55040,1425
XQJFVSEQ,88845,52155
HSI78S7V,80157,3475
IC338L1A,50136,15482
ZFCWASVW,65681,2790
EHWMHV8H,84842,2718
6S2ORFBK,82771,6037
GEA88INA,51338,13059
SPEJD61O,53915,3777
PO2VNS89,59531,1710
KKB8JBK3,65841,24190
BMCZ05VZ,83073,2761
UT9Z8GCK,87199,14905
L1IOSEIZ,53115,30523
IYPB42R0,79990,39231
Y17PF7OF,63926,1560
1P4651LM,76902,10810
MU2CCH6Z,87282,18636
XNEVLXZQ,59460,13624
4K48AXH7,68449,5380
M2FBAPE7,79139,1589
6T6KXYSQ,62856,11446
RQ4LL3SB,62124,17681
NADC441O,72265,6613
WLEG3R7Q,50339,14922
21SAJJI9,74867,4670
VBCEP1N8,78368,1658
MDVRD4YX,61156,1877
I0ZFOQIB,78917,31427
OZXIUMJR,79292,6619
HAZ2P7JZ,83475,10703
EXSE6XOM,80928,10943
F9K4ZI6S,62783,9382
TDZ6XBVT,78241,5622
GDVNQWOW,86034,4131
3QSDWZJP,69292,24953
XLMLT67K,80704,9656
ETHK74EE,59369,7896
XOOKXSUH,77151,4147
PJNFBID9,79694,1406
7OSSOKO0,64574,7363
62F2ET30,56202,24451
D9GLXKVM,89340,4075
O9UDMEB1,79365,7425
BW8DAOE6,54323,16159
51I43EAE,78146,2392
FECNQVIV,81853,45199
FI1EK5SZ,62351,4351
NAWIXSYZ,65849,5744
799XRAI7,88414,13410
32RZ2WUG,52629,9260
ECO2XLG1,74553,7252
42SWIJMG,79747,16859
BM84VP3U,89473,21001
JBOCM3J7,64977,4998
OHIMXW0S,50832,20957
7O1MS8HG,75595,3897
P88ZCRCA,74633,8726
146D092H,52204,1311
EC9WEYU7,77974,3481
8IPKL2ZY,74786,2061
YWUSSQSA,74898,6859
KPDV2OEH,57742,20642
84QU4TKQ,50234,5353
AFA4I5RI,57263,11848
2U0HA66J,84102,2310
M6F1LQZW,62709,3111
SM1LALQO,58150,5419
FWULS1RX,69029,3453
E0C48B93,76249,7945
NB1HUG1W,64451,13572
EBH409DA,64140,8145
JGR3MJJ5,64782,37839
DXKBCDBJ,58314,11762
8H6C9D56,81126,3553
5239H9KP,75716,947
BC97VCKZ,52698,17949
CBN9W4HK,51582,24906
63Z5PI42,89418,8952
5JTPH6SM,70196,12173
30326MGS,77410,2057
FVLBWRU0,81790,8450
4Q2DW1LK,76603,9142
K67368WG,72216,11879
R59RP8L8,85761,14009
ROYNUCDZ,54286,93434
AIZWJ0ZC,57796,4492
POG1HN41,83855,1727
MRB37AQ3,82022,5219
BUETK3SN,78768,8205
CRSCCPGC,52699,1223
E1VYV50G,55492,2653
8VLKTUYC,63448,8493
3S6MWW1C,85662,34215
I8I2VDNO,51486,2221
2RWKH52Q,62360,21179
ADEZ23TT,59632,15475
SLEMLVB8,56227,1341
2HF4WWE4,75943,7331
W5BG9PHS,78198,36496
Y0SUNRA4,66863,4023
DIAYN4X1,65774,5836
B5V8UUU7,68815,11202
6XW51XY4,82430,14602
37968W1X,52250,25558
6FPYA59D,79028,1624
GM331C33,52590,17492
6BZQ0L17,81391,4854
E6AYS1LY,67767,8663
R2Y6ZQDQ,50370,19815
DCQHHNZR,77538,11423
NEO32Y34,58088,5256
WT1IPJSH,61843,35383
A4D1ODKU,69266,4620
5QPBNA5A,80983,30142
N5CV9PQZ,84951,43674
GBKCYRUV,86254,29089
I6E700PK,76433,3050
JZC8CPUH,55920,8612
7KGQGH0U,53139,2574
WUAVR9MF,56433,5844
N81TXKC4,52449,1674
O14LX3QB,51768,4348
I3MZ2934,74246,3165
GC61L6C6,51140,21090
Q6GWDCO4,61889,73121
044T5JDB,87947,25437
0DNYS5BH,80771,89720
F4GX3A6H,88360,14977
S9HF4VYD,89353,65294
TK8TQFXV,83832,21744
74LUF9TD,63896,12767
PC9C4BMD,53381,28978
YJRPHNQO,70465,3162
1J0WHW9N,73441,12799
O60TVGXR,85186,8748
JWOCKVSX,82609,7221
9HFEUKIW,62291,11279
WZC5SR11,70368,22953
1M6QDERW,55324,5657
96DNA7TN,64792,15104
2989T92T,58139,18355
N7XP5EPG,51409,9649
T2QPTEUF,59744,3379
RDURJC38,57414,41883
AZEN7Q1J,68740,6928
FZFRMBUV,53336,88043
4H94QD5Z,55970,14634
VAGKGU1Z,51954,9899
R03RI9RE,56221,8849
TXQJ3DDM,50783,5760
M8V0UIXR,58473,4375
51DYP5KO,80803,1145
DK1UULX1,63788,4165
KPLBCEWB,73325,9240
29UZKDYD,83099,1430
NG4LI4A3,77747,4385
MAJPAM1I,77393,2432
C1VHLJ5F,60321,25197
V07XWSD8,87714,16514
KLYW3J0R,58567,13561
UGKFVEL7,89242,3048
EG8CBSI3,55287,12760
7DLCWE8Y,79114,84018
3OHKXX3P,70137,14493
COV1XPCS,82867,6289
QFZQ9Y7H,89062,6582
MXAQGDC1,77956,8794
QWODKPTL,76510,5915
JZ8UZP3E,51558,7004
K968P28U,77325,512
TO4JFV11,85950,7242
XVV7DMN9,65225,5959
ULOVEFMX,57947,6203
202B3SNT,58951,22596
6PFWAV7W,72274,2215
F2VG2BGG,53869,11735
5I9FL878,67552,15780
XUZ426UP,76261,3931
OSWZS90E,60197,529
81INBUOK,60231,18584
9L7XY21X,86660,3281
95XDY9G0,57229,2002
U9B1O40V,76230,30647
8I1DU7A2,75249,1935
HO1PUMAU,52418,10002
A6QQS2KD,67547,2297
3IW50H03,80775,3399
7KIMWH3Y,63001,6940
LJGHXYN3,57816,11295
C4U1QG0O,75749,12064
612VYX2Z,74408,11826
4CSNWI3G,64055,24145
VZSYINF2,60029,5463
ILQEFSEN,61353,45900
8XX4L4S5,78775,2195
245MJDWY,63650,3873
71J0JCQ2,83869,7642
9V9FIQ54,89505,48845
D36Q0TQL,74220,70075
